/*
Navicat MySQL Data Transfer

Source Server         : ls
Source Server Version : 50151
Source Host           : localhost:3306
Source Database       : weather

Target Server Type    : MYSQL
Target Server Version : 50151
File Encoding         : 65001

Date: 2015-12-21 14:32:39
*/

SET FOREIGN_KEY_CHECKS=0;

-- ----------------------------
-- Table structure for `camera_info`
-- ----------------------------
DROP TABLE IF EXISTS `camera_info`;
CREATE TABLE `camera_info` (
  `camerano` varchar(30) NOT NULL COMMENT '摄像头编号',
  `cameraname` varchar(60) NOT NULL COMMENT '摄像头名称',
  `cameraurl` varchar(100) DEFAULT NULL COMMENT '摄像头播放地址',
  `cameratype` int(2) NOT NULL DEFAULT '0' COMMENT '摄像头类型:0-会议室摄像头;1-监控摄像头;',
  `imgurl` varchar(300) DEFAULT NULL,
  `streamid` varchar(20) DEFAULT NULL,
  `villageid` varchar(20) DEFAULT NULL,
  PRIMARY KEY (`camerano`)
) ENGINE=InnoDB DEFAULT CHARSET=utf8;

-- ----------------------------
-- Records of camera_info
-- ----------------------------
INSERT INTO `camera_info` VALUES ('00001', '东张庄公示栏', 'http://172.29.0.111:5080/hls/ngi33zp7.m3u8', '1', null, 'ngi33zp7', '002003');
INSERT INTO `camera_info` VALUES ('000010', '大吴公示栏', 'http://172.29.0.111:5080/hls/y32gkqkz.m3u8', '1', null, 'y32gkqkz', '002013');
INSERT INTO `camera_info` VALUES ('0000100', '东郭会议室', 'http://172.29.0.111:5080/hls/a4kug96f.m3u8', '0', null, 'a4kug96f', '013011');
INSERT INTO `camera_info` VALUES ('0000101', '师庄会议室', 'http://172.29.0.111:5080/hls/gmn4nhmi.m3u8', '0', null, 'gmn4nhmi', '013012');
INSERT INTO `camera_info` VALUES ('0000102', '毛庄会议室', 'http://172.29.0.111:5080/hls/ar8usyi4.m3u8', '0', null, 'ar8usyi4', '013013');
INSERT INTO `camera_info` VALUES ('0000103', '包那里会议室', 'http://172.29.0.111:5080/hls/wmaa6ejv.m3u8', '0', null, 'wmaa6ejv', '013014');
INSERT INTO `camera_info` VALUES ('0000104', '吕那里会议室', 'http://172.29.0.111:5080/hls/sv38dpfc.m3u8', '0', null, 'sv38dpfc', '013015');
INSERT INTO `camera_info` VALUES ('0000105', '闫集会议室', 'http://172.29.0.111:5080/hls/jx6t2edr.m3u8', '0', null, 'jx6t2edr', '013016');
INSERT INTO `camera_info` VALUES ('0000106', '杨桥会议室', 'http://172.29.0.111:5080/hls/qsdek2ny.m3u8', '0', null, 'qsdek2ny', '013017');
INSERT INTO `camera_info` VALUES ('0000107', '姚垓会议室', 'http://172.29.0.111:5080/hls/trhiphpf.m3u8', '0', null, 'trhiphpf', '013018');
INSERT INTO `camera_info` VALUES ('0000108', '西张庄会议室', 'http://172.29.0.111:5080/hls/z3hr5ee7.m3u8', '0', null, 'z3hr5ee7', '013019');
INSERT INTO `camera_info` VALUES ('0000109', '开发区会议室', 'http://172.29.0.111:5080/hls/jqbcxjhp.m3u8', '0', null, 'jqbcxjhp', '015001');
INSERT INTO `camera_info` VALUES ('000011', '前李庄公示栏', 'http://172.29.0.111:5080/hls/jsxfyxmg.m3u8', '1', null, 'jsxfyxmg', '002014');
INSERT INTO `camera_info` VALUES ('0000110', '良福村会议室', 'http://172.29.0.111:5080/hls/e9u54kc5.m3u8', '0', null, 'e9u54kc5', '015002');
INSERT INTO `camera_info` VALUES ('0000112', '太平集会议室', 'http://172.29.0.111:5080/hls/939edyz2.m3u8', '0', null, '939edyz2', '015004');
INSERT INTO `camera_info` VALUES ('0000113', '太平王会议室', 'http://172.29.0.111:5080/hls/wfav2yys.m3u8', '0', null, 'wfav2yys', '015005');
INSERT INTO `camera_info` VALUES ('0000114', '洼李会议室', 'http://172.29.0.111:5080/hls/52ct6nqp.m3u8', '0', null, '52ct6nqp', '015006');
INSERT INTO `camera_info` VALUES ('0000116', '东丁庄会议室', 'http://172.29.0.111:5080/hls/n4tecrhf.m3u8', '0', null, 'n4tecrhf', '015008');
INSERT INTO `camera_info` VALUES ('0000117', '孙庄会议室', 'http://172.29.0.111:5080/hls/35ksz9jz.m3u8', '0', null, '35ksz9jz', '015009');
INSERT INTO `camera_info` VALUES ('0000118', '西张庄会议室', 'http://172.29.0.111:5080/hls/4fzni9jc.m3u8', '0', null, '4fzni9jc', '015010');
INSERT INTO `camera_info` VALUES ('0000119', '刘仙庄会议室', 'http://172.29.0.111:5080/hls/9bpy6tkj.m3u8', '0', null, '9bpy6tkj', '015011');
INSERT INTO `camera_info` VALUES ('000012', '张水坑公示栏', 'http://172.29.0.111:5080/hls/ppwjze9h.m3u8', '1', null, 'ppwjze9h', '002015');
INSERT INTO `camera_info` VALUES ('0000120', '马营乡会议室', 'http://172.29.0.111:5080/hls/f75yr6vw.m3u8', '0', null, 'f75yr6vw', '003001');
INSERT INTO `camera_info` VALUES ('0000121', '马营会议室', 'http://172.29.0.111:5080/hls/82mkm7df.m3u8', '0', null, '82mkm7df', '003002');
INSERT INTO `camera_info` VALUES ('0000122', '芦里会议室', 'http://172.29.0.111:5080/hls/cbcnwmic.m3u8', '0', null, 'cbcnwmic', '003003');
INSERT INTO `camera_info` VALUES ('0000123', '曹庙会议室', 'http://172.29.0.111:5080/hls/ghxftp92.m3u8', '0', null, 'ghxftp92', '003004');
INSERT INTO `camera_info` VALUES ('0000124', '杨营会议室', 'http://172.29.0.111:5080/hls/s7gn2azw.m3u8', '0', null, 's7gn2azw', '003005');
INSERT INTO `camera_info` VALUES ('0000125', '杨屯会议室', 'http://172.29.0.111:5080/hls/z3ri3j95.m3u8', '0', null, 'z3ri3j95', '003006');
INSERT INTO `camera_info` VALUES ('0000126', '赵坝会议室', 'http://172.29.0.111:5080/hls/rjstd8ij.m3u8', '0', null, 'rjstd8ij', '003007');
INSERT INTO `camera_info` VALUES ('0000127', '郝庄会议室', 'http://172.29.0.111:5080/hls/bzb3348d.m3u8', '0', null, 'bzb3348d', '003008');
INSERT INTO `camera_info` VALUES ('0000128', '杜庄会议室', 'http://172.29.0.111:5080/hls/4g3c7zhe.m3u8', '0', null, '4g3c7zhe', '003009');
INSERT INTO `camera_info` VALUES ('0000129', '辛兴屯会议室', 'http://172.29.0.111:5080/hls/ig5gvqjv.m3u8', '0', null, 'ig5gvqjv', '003010');
INSERT INTO `camera_info` VALUES ('000013', '轩庄公示栏', 'http://172.29.0.111:5080/hls/q8njkef8.m3u8', '1', null, 'q8njkef8', '006003');
INSERT INTO `camera_info` VALUES ('0000130', '倪楼会议室', 'http://172.29.0.111:5080/hls/25uwgmv7.m3u8', '0', null, '25uwgmv7', '003011');
INSERT INTO `camera_info` VALUES ('0000131', '南穆屯会议室', 'http://172.29.0.111:5080/hls/byg89dun.m3u8', '0', null, 'byg89dun', '003012');
INSERT INTO `camera_info` VALUES ('0000132', '北穆屯会议室', 'http://172.29.0.111:5080/hls/a6qxbvae.m3u8', '0', null, 'a6qxbvae', '003013');
INSERT INTO `camera_info` VALUES ('0000133', '江屯会议室', 'http://172.29.0.111:5080/hls/qyev4nbr.m3u8', '0', null, 'qyev4nbr', '003014');
INSERT INTO `camera_info` VALUES ('0000134', '王楼会议室', 'http://172.29.0.111:5080/hls/txrc8p6x.m3u8', '0', null, 'txrc8p6x', '003015');
INSERT INTO `camera_info` VALUES ('0000135', '许庄会议室', 'http://172.29.0.111:5080/hls/tqjvr7zi.m3u8', '0', null, 'tqjvr7zi', '003016');
INSERT INTO `camera_info` VALUES ('0000136', '吴垓会议室', 'http://172.29.0.111:5080/hls/5bnhddk6.m3u8', '0', null, '5bnhddk6', '003017');
INSERT INTO `camera_info` VALUES ('0000137', '胡屯会议室', 'http://172.29.0.111:5080/hls/gm32vq2s.m3u8', '0', null, 'gm32vq2s', '003018');
INSERT INTO `camera_info` VALUES ('0000138', '鲍垓会议室', 'http://172.29.0.111:5080/hls/sdc6m987.m3u8', '0', null, 'sdc6m987', '003019');
INSERT INTO `camera_info` VALUES ('0000139', '宋庄会议室', 'http://172.29.0.111:5080/hls/a577npc4.m3u8', '0', null, 'a577npc4', '003020');
INSERT INTO `camera_info` VALUES ('000014', '东尚庄公示栏', 'http://172.29.0.111:5080/hls/2xabmkvp.m3u8', '1', null, '2xabmkvp', '006008');
INSERT INTO `camera_info` VALUES ('0000140', '胡坑会议室', 'http://172.29.0.111:5080/hls/gz9gs7au.m3u8', '0', null, 'gz9gs7au', '003021');
INSERT INTO `camera_info` VALUES ('0000141', '东李庄会议室', 'http://172.29.0.111:5080/hls/k2kvdrt4.m3u8', '0', null, 'k2kvdrt4', '003022');
INSERT INTO `camera_info` VALUES ('0000142', '张飞垓会议室', 'http://172.29.0.111:5080/hls/wi3ca9vk.m3u8', '0', null, 'wi3ca9vk', '003023');
INSERT INTO `camera_info` VALUES ('0000143', '薛屯会议室', 'http://172.29.0.111:5080/hls/6z72isbx.m3u8', '0', null, '6z72isbx', '003024');
INSERT INTO `camera_info` VALUES ('0000144', '柯庄会议室', 'http://172.29.0.111:5080/hls/3fq96e2s.m3u8', '0', null, '3fq96e2s', '003025');
INSERT INTO `camera_info` VALUES ('000015', '东郝庄公示栏', 'http://172.29.0.111:5080/hls/x84gi7ad.m3u8', '1', null, 'x84gi7ad', '006015');
INSERT INTO `camera_info` VALUES ('0000158', '陈营村会议室', 'http://172.29.0.111:5080/hls/fvp8npjr.m3u8', '0', null, 'fvp8npjr', '015007');
INSERT INTO `camera_info` VALUES ('000016', '东田店公示栏', 'http://172.29.0.111:5080/hls/kgzxghwp.m3u8', '1', null, 'kgzxghwp', '006021');
INSERT INTO `camera_info` VALUES ('000017', '红庙公示栏', 'http://172.29.0.111:5080/hls/srdn7fwn.m3u8', '1', null, 'srdn7fwn', '006024');
INSERT INTO `camera_info` VALUES ('000018', '大营公示栏', 'http://172.29.0.111:5080/hls/2t2bpdjr.m3u8', '1', null, '2t2bpdjr', '006027');
INSERT INTO `camera_info` VALUES ('000019', '小营公示栏', 'http://172.29.0.111:5080/hls/p6cfmp9p.m3u8', '1', null, 'p6cfmp9p', '006028');
INSERT INTO `camera_info` VALUES ('00002', '郭金台公示栏', 'http://172.29.0.111:5080/hls/a5vcxgvd.m3u8', '1', null, 'a5vcxgvd', '002004');
INSERT INTO `camera_info` VALUES ('000020', '黑虎庙公示栏', 'http://172.29.0.111:5080/hls/c93q654q.m3u8', '1', null, 'c93q654q', '013002');
INSERT INTO `camera_info` VALUES ('000021', '西小吴公示栏', 'http://172.29.0.111:5080/hls/p85xydmh.m3u8', '1', null, 'p85xydmh', '013003');
INSERT INTO `camera_info` VALUES ('000022', '于楼公示栏', 'http://172.29.0.111:5080/hls/nzth3fhz.m3u8', '1', null, 'nzth3fhz', '013004');
INSERT INTO `camera_info` VALUES ('000023', '义和庄公示栏', 'http://172.29.0.111:5080/hls/erg57chc.m3u8', '1', null, 'erg57chc', '013005');
INSERT INTO `camera_info` VALUES ('000024', '程那里公示栏', 'http://172.29.0.111:5080/hls/2r5kvaja.m3u8', '1', null, '2r5kvaja', '013006');
INSERT INTO `camera_info` VALUES ('000025', '吴楼公示栏', 'http://172.29.0.111:5080/hls/5emqwxgv.m3u8', '1', null, '5emqwxgv', '013007');
INSERT INTO `camera_info` VALUES ('000026', '河西公示栏', 'http://172.29.0.111:5080/hls/idqhu9qs.m3u8', '1', null, 'idqhu9qs', '013008');
INSERT INTO `camera_info` VALUES ('000027', '黑北公示栏', 'http://172.29.0.111:5080/hls/jcvddnk7.m3u8', '1', null, 'jcvddnk7', '013009');
INSERT INTO `camera_info` VALUES ('000028', '祝庄公示栏', 'http://172.29.0.111:5080/hls/sawe5r5m.m3u8', '1', null, 'sawe5r5m', '013010');
INSERT INTO `camera_info` VALUES ('000029', '东郭公示栏', 'http://172.29.0.111:5080/hls/edvjakbd.m3u8', '1', null, 'edvjakbd', '013011');
INSERT INTO `camera_info` VALUES ('00003', '南小吴公示栏', 'http://172.29.0.111:5080/hls/gi7fxrvv.m3u8', '1', null, 'gi7fxrvv', '002005');
INSERT INTO `camera_info` VALUES ('000030', '师庄公示栏', 'http://172.29.0.111:5080/hls/xvf4ifqm.m3u8', '1', null, 'xvf4ifqm', '013012');
INSERT INTO `camera_info` VALUES ('000031', '毛庄公示栏', 'http://172.29.0.111:5080/hls/9h6ytu4f.m3u8', '1', null, '9h6ytu4f', '013013');
INSERT INTO `camera_info` VALUES ('000032', '包那里公示栏', 'http://172.29.0.111:5080/hls/epr6hy98.m3u8', '1', null, 'epr6hy98', '013014');
INSERT INTO `camera_info` VALUES ('000033', '吕那里公示栏', 'http://172.29.0.111:5080/hls/iixvtjjz.m3u8', '1', null, 'iixvtjjz', '013015');
INSERT INTO `camera_info` VALUES ('000034', '闫集公示栏', 'http://172.29.0.111:5080/hls/43sz5sdd.m3u8', '1', null, '43sz5sdd', '013016');
INSERT INTO `camera_info` VALUES ('000035', '杨桥公示栏', 'http://172.29.0.111:5080/hls/8fkzb6bd.m3u8', '1', null, '8fkzb6bd', '013017');
INSERT INTO `camera_info` VALUES ('000036', '姚垓公示栏', 'http://172.29.0.111:5080/hls/zrb5q4i6.m3u8', '1', null, 'zrb5q4i6', '013018');
INSERT INTO `camera_info` VALUES ('000037', '西张庄公示栏', 'http://172.29.0.111:5080/hls/jn9smfez.m3u8', '1', null, 'jn9smfez', '013019');
INSERT INTO `camera_info` VALUES ('000038', '良福村公示栏', 'http://172.29.0.111:5080/hls/d33exfqn.m3u8', '1', null, 'd33exfqn', '015002');
INSERT INTO `camera_info` VALUES ('000039', '师庄会议室', 'http://172.29.0.111:5080/hls/u7hbdm9q.m3u8', '0', null, 'u7hbdm9q', '015003');
INSERT INTO `camera_info` VALUES ('000040', '太平集公示栏', 'http://172.29.0.111:5080/hls/qshpwizc.m3u8', '1', null, 'qshpwizc', '015004');
INSERT INTO `camera_info` VALUES ('000041', '太平王公示栏', 'http://172.29.0.111:5080/hls/2j5ugut9.m3u8', '1', null, '2j5ugut9', '015005');
INSERT INTO `camera_info` VALUES ('000042', '洼李公示栏', 'http://172.29.0.111:5080/hls/cvjj6qr2.m3u8', '1', null, 'cvjj6qr2', '015006');
INSERT INTO `camera_info` VALUES ('000043', '陈营村公示栏', 'http://172.29.0.111:5080/hls/mx422979.m3u8', '1', null, 'mx422979', '015007');
INSERT INTO `camera_info` VALUES ('000044', '东丁庄公示栏', 'http://172.29.0.111:5080/hls/5a2crfpt.m3u8', '1', null, '5a2crfpt', '015008');
INSERT INTO `camera_info` VALUES ('000045', '孙庄公示栏', 'http://172.29.0.111:5080/hls/ij9mwrws.m3u8', '1', null, 'ij9mwrws', '015009');
INSERT INTO `camera_info` VALUES ('000046', '西张庄公示栏', 'http://172.29.0.111:5080/hls/um78jswb.m3u8', '1', null, 'um78jswb', '015010');
INSERT INTO `camera_info` VALUES ('000047', '刘仙庄公示栏', 'http://172.29.0.111:5080/hls/ry3knb83.m3u8', '1', null, 'ry3knb83', '015011');
INSERT INTO `camera_info` VALUES ('000048', '马营公示栏', 'http://172.29.0.111:5080/hls/jykgkfdx.m3u8', '1', null, 'jykgkfdx', '003002');
INSERT INTO `camera_info` VALUES ('000049', '芦里公示栏', 'http://172.29.0.111:5080/hls/4e5myjav.m3u8', '1', null, '4e5myjav', '003003');
INSERT INTO `camera_info` VALUES ('00005', '野猪淖公示栏', 'http://172.29.0.111:5080/hls/bfy42kuw.m3u8', '1', null, 'bfy42kuw', '002007');
INSERT INTO `camera_info` VALUES ('000050', '曹庙公示栏', 'http://172.29.0.111:5080/hls/8uq7fgkt.m3u8', '1', null, '8uq7fgkt', '003004');
INSERT INTO `camera_info` VALUES ('000051', '杨营公示栏', 'http://172.29.0.111:5080/hls/errh26y4.m3u8', '1', null, 'errh26y4', '003005');
INSERT INTO `camera_info` VALUES ('000052', '杨屯公示栏', 'http://172.29.0.111:5080/hls/vihmw6iu.m3u8', '1', null, 'vihmw6iu', '003006');
INSERT INTO `camera_info` VALUES ('000053', '赵坝公示栏', 'http://172.29.0.111:5080/hls/q6mkr7ei.m3u8', '1', null, 'q6mkr7ei', '003007');
INSERT INTO `camera_info` VALUES ('000054', '郝庄公示栏', 'http://172.29.0.111:5080/hls/8s6jstux.m3u8', '1', null, '8s6jstux', '003008');
INSERT INTO `camera_info` VALUES ('000055', '杜庄公示栏', 'http://172.29.0.111:5080/hls/ga6h4hyz.m3u8', '1', null, 'ga6h4hyz', '003009');
INSERT INTO `camera_info` VALUES ('000056', '辛兴屯公示栏', 'http://172.29.0.111:5080/hls/rqccek4w.m3u8', '1', null, 'rqccek4w', '003010');
INSERT INTO `camera_info` VALUES ('000057', '倪楼公示栏', 'http://172.29.0.111:5080/hls/df5jnx65.m3u8', '1', null, 'df5jnx65', '003011');
INSERT INTO `camera_info` VALUES ('000058', '南穆屯公示栏', 'http://172.29.0.111:5080/hls/73z9w7zz.m3u8', '1', null, '73z9w7zz', '003012');
INSERT INTO `camera_info` VALUES ('000059', '北穆屯公示栏', 'http://172.29.0.111:5080/hls/uhtcppf7.m3u8', '1', null, 'uhtcppf7', '003013');
INSERT INTO `camera_info` VALUES ('00006', '侯道沟公示栏', 'http://172.29.0.111:5080/hls/5iip28kn.m3u8', '1', null, '5iip28kn', '002008');
INSERT INTO `camera_info` VALUES ('000060', '江屯公示栏', 'http://172.29.0.111:5080/hls/n3a972n2.m3u8', '1', null, 'n3a972n2', '003014');
INSERT INTO `camera_info` VALUES ('000061', '王楼公示栏', 'http://172.29.0.111:5080/hls/cswms5by.m3u8', '1', null, 'cswms5by', '003015');
INSERT INTO `camera_info` VALUES ('000062', '许庄公示栏', 'http://172.29.0.111:5080/hls/5uxasjz7.m3u8', '1', null, '5uxasjz7', '003016');
INSERT INTO `camera_info` VALUES ('000063', '吴垓公示栏', 'http://172.29.0.111:5080/hls/wuu7asyj.m3u8', '1', null, 'wuu7asyj', '003017');
INSERT INTO `camera_info` VALUES ('000064', '胡屯公示栏', 'http://172.29.0.111:5080/hls/n9vybda2.m3u8', '1', null, 'n9vybda2', '003018');
INSERT INTO `camera_info` VALUES ('000065', '鲍垓公示栏', 'http://172.29.0.111:5080/hls/5p5dkgta.m3u8', '1', null, '5p5dkgta', '003019');
INSERT INTO `camera_info` VALUES ('000066', '宋庄公示栏', 'http://172.29.0.111:5080/hls/6q5vtdrr.m3u8', '1', null, '6q5vtdrr', '003020');
INSERT INTO `camera_info` VALUES ('000067', '胡坑公示栏', 'http://172.29.0.111:5080/hls/rks2qpid.m3u8', '1', null, 'rks2qpid', '003021');
INSERT INTO `camera_info` VALUES ('000068', '东李庄公示栏', 'http://172.29.0.111:5080/hls/ukvadrbg.m3u8', '1', null, 'ukvadrbg', '003022');
INSERT INTO `camera_info` VALUES ('000069', '张飞垓公示栏', 'http://172.29.0.111:5080/hls/s6yrxp59.m3u8', '1', null, 's6yrxp59', '003023');
INSERT INTO `camera_info` VALUES ('00007', '五里庙公示栏', 'http://172.29.0.111:5080/hls/bvz9fram.m3u8', '1', null, 'bvz9fram', '002010');
INSERT INTO `camera_info` VALUES ('000070', '薛屯公示栏', 'http://172.29.0.111:5080/hls/gimrsvey.m3u8', '1', null, 'gimrsvey', '003024');
INSERT INTO `camera_info` VALUES ('000071', '柯庄公示栏', 'http://172.29.0.111:5080/hls/2b94zug7.m3u8', '1', null, '2b94zug7', '003025');
INSERT INTO `camera_info` VALUES ('000072', '东张庄会议室', 'http://172.29.0.111:5080/hls/dvssvrdb.m3u8', '0', null, 'dvssvrdb', '002003');
INSERT INTO `camera_info` VALUES ('000073', '郭金台会议室', 'http://172.29.0.111:5080/hls/way7xs4t.m3u8', '0', null, 'way7xs4t', '002004');
INSERT INTO `camera_info` VALUES ('000074', '南小吴会议室', 'http://172.29.0.111:5080/hls/jqbcxjhp.m3u8', '0', 'qynttmrg', 'jqbcxjhp', '002005');
INSERT INTO `camera_info` VALUES ('000075', '李庄会议室', 'http://172.29.0.111:5080/hls/6hurzhdy.m3u8', '0', null, '6hurzhdy', '002006');
INSERT INTO `camera_info` VALUES ('000076', '野猪淖会议室', 'http://172.29.0.111:5080/hls/kmvbnvbi.m3u8', '0', null, 'kmvbnvbi', '002007');
INSERT INTO `camera_info` VALUES ('000077', '侯道沟会议室', 'http://172.29.0.111:5080/hls/8cv4x9cq.m3u8', '0', null, '8cv4x9cq', '002008');
INSERT INTO `camera_info` VALUES ('000078', '五里庙会议室', 'http://172.29.0.111:5080/hls/dpsr3zew.m3u8', '0', null, 'dpsr3zew', '002010');
INSERT INTO `camera_info` VALUES ('000079', '曹庄会议室', 'http://172.29.0.111:5080/hls/u9kkizu2.m3u8', '0', null, 'u9kkizu2', '002011');
INSERT INTO `camera_info` VALUES ('00008', '曹庄公示栏', 'http://172.29.0.111:5080/hls/febgjece.m3u8', '1', null, 'febgjece', '002011');
INSERT INTO `camera_info` VALUES ('000080', '丁庄会议室', 'http://172.29.0.111:5080/hls/hguippsr.m3u8', '0', null, 'hguippsr', '002012');
INSERT INTO `camera_info` VALUES ('000081', '大吴会议室', 'http://172.29.0.111:5080/hls/q7ugm6cg.m3u8', '0', null, 'q7ugm6cg', '002013');
INSERT INTO `camera_info` VALUES ('000082', '前李庄会议室', 'http://172.29.0.111:5080/hls/7tsc3jsx.m3u8', '0', null, '7tsc3jsx', '002014');
INSERT INTO `camera_info` VALUES ('000083', '张水坑会议室', 'http://172.29.0.111:5080/hls/9jukccrj.m3u8', '0', null, '9jukccrj', '002015');
INSERT INTO `camera_info` VALUES ('000084', '轩庄会议室', 'http://172.29.0.111:5080/hls/6hz6ypg4.m3u8', '0', null, '6hz6ypg4', '006003');
INSERT INTO `camera_info` VALUES ('000085', '东尚庄会议室', 'http://172.29.0.111:5080/hls/qibcjp58.m3u8', '0', null, 'qibcjp58', '006008');
INSERT INTO `camera_info` VALUES ('000086', '东郝庄会议室', 'http://172.29.0.111:5080/hls/i4nmu5sw.m3u8', '0', null, 'i4nmu5sw', '006015');
INSERT INTO `camera_info` VALUES ('000087', '东田店会议室', 'http://172.29.0.111:5080/hls/z724mw8u.m3u8', '0', null, 'z724mw8u', '006021');
INSERT INTO `camera_info` VALUES ('000088', '红庙会议室', 'http://172.29.0.111:5080/hls/mubtu94z.m3u8', '0', null, 'mubtu94z', '006024');
INSERT INTO `camera_info` VALUES ('000089', '大营会议室', 'http://172.29.0.111:5080/hls/myfdqdy6.m3u8', '0', null, 'myfdqdy6', '006027');
INSERT INTO `camera_info` VALUES ('00009', '丁庄公示栏', 'http://172.29.0.111:5080/hls/5i7w7uqi.m3u8', '1', null, '5i7w7uqi', '002012');
INSERT INTO `camera_info` VALUES ('000090', '小营会议室', 'http://172.29.0.111:5080/hls/kux5yprm.m3u8', '0', null, 'kux5yprm', '006028');
INSERT INTO `camera_info` VALUES ('000091', '黑虎庙会议室', 'http://172.29.0.111:5080/hls/66w624v6.m3u8', '0', null, '66w624v6', '013002');
INSERT INTO `camera_info` VALUES ('000092', '西小吴会议室', 'http://172.29.0.111:5080/hls/mvrttina.m3u8', '0', null, 'mvrttina', '013003');
INSERT INTO `camera_info` VALUES ('000093', '于楼会议室', 'http://172.29.0.111:5080/hls/5ry53wqh.m3u8', '0', null, '5ry53wqh', '013004');
INSERT INTO `camera_info` VALUES ('000094', '义和庄会议室', 'http://172.29.0.111:5080/hls/fm6x7vb4.m3u8', '0', null, 'fm6x7vb4', '013005');
INSERT INTO `camera_info` VALUES ('000095', '程那里会议室', 'http://172.29.0.111:5080/hls/dx7rnqvp.m3u8', '0', null, 'dx7rnqvp', '013006');
INSERT INTO `camera_info` VALUES ('000096', '吴楼会议室', 'http://172.29.0.111:5080/hls/je4h3esq.m3u8', '0', null, 'je4h3esq', '013007');
INSERT INTO `camera_info` VALUES ('000097', '河西会议室', 'http://172.29.0.111:5080/hls/jhj7pb54.m3u8', '0', null, 'jhj7pb54', '013008');
INSERT INTO `camera_info` VALUES ('000098', '黑北会议室', 'http://172.29.0.111:5080/hls/4bf9d2a5.m3u8', '0', null, '4bf9d2a5', '013009');
INSERT INTO `camera_info` VALUES ('000099', '祝庄会议室', 'http://172.29.0.111:5080/hls/v427qgev.m3u8', '0', null, 'v427qgev', '013010');
INSERT INTO `camera_info` VALUES ('000100', '杨营镇公示栏', 'http://172.29.0.111:5080/hls/v427tgbicggq.m3u8', '1', null, 'tgbicggq', '002001');
INSERT INTO `camera_info` VALUES ('000101', '杨营镇会议室', 'http://172.29.0.111:5080/hls/frav5u9f.m3u8', '0', null, 'frav5u9f', '002001');
INSERT INTO `camera_info` VALUES ('000102', '馆驿镇公示栏', 'http://172.29.0.111:5080/hls/9dppa77d.m3u8', '1', null, '9dppa77d', '006001');
INSERT INTO `camera_info` VALUES ('000103', '馆驿镇会议室', 'http://172.29.0.111:5080/hls/v34xskf5.m3u8', '0', null, 'v34xskf5', '006001');
INSERT INTO `camera_info` VALUES ('000104', '黑虎庙公示栏', 'http://172.29.0.111:5080/hls/jdcr6xfj.m3u8', '1', null, 'jdcr6xfj', '013001');
INSERT INTO `camera_info` VALUES ('000105', '黑虎庙会议室', 'http://172.29.0.111:5080/hls/bev57ytvj.m3u8', '0', null, 'bev57ytv', '013001');
INSERT INTO `camera_info` VALUES ('000107', '开发区公示栏', 'http://172.29.0.111:5080/hls/kt4fbigv.m3u8', '1', null, 'kt4fbigv', '015001');
INSERT INTO `camera_info` VALUES ('000108', '马营乡公示栏', 'http://172.29.0.111:5080/hls/t693utrh.m3u8', '1', null, 't693utrh', '003001');
INSERT INTO `camera_info` VALUES ('000157', '师庄公示栏', 'http://172.29.0.111:5080/hls/yy2p34j9.m3u8', '1', null, 'yy2p34j9', '015003');
INSERT INTO `camera_info` VALUES ('90001', '主会场一', 'http://172.29.0.111:5080/hls/354yh4wd.m3u8', '0', 'VideoConference/image/img/1.png', '354yh4wd', '001');
INSERT INTO `camera_info` VALUES ('90002', '主会场二', '', '0', 'VideoConference/image/img/2.png', null, '001');
INSERT INTO `camera_info` VALUES ('90003', '主会场三', null, '0', 'VideoConference/image/img/3.png', null, '001');
INSERT INTO `camera_info` VALUES ('99998', '站点监控', 'lsdj/hyhf_zxx.jsp', '0', 'VideoConference/image/img/1.png', null, '001');
INSERT INTO `camera_info` VALUES ('99999', '阳光村务', 'lsdj/hyhf_zxx.jsp', '0', 'VideoConference/image/img/2.png', null, '001');
INSERT INTO `camera_info` VALUES ('﻿00004', '陈营村会议室', 'http://172.29.0.111:5080/hls/fvp8npjr.m3u8', '0', null, 'fvp8npjr', '015001');

-- ----------------------------
-- Table structure for `camera_video_list`
-- ----------------------------
DROP TABLE IF EXISTS `camera_video_list`;
CREATE TABLE `camera_video_list` (
  `camerano` varchar(20) DEFAULT NULL COMMENT '摄像头编号',
  `videoid` int(8) NOT NULL DEFAULT '0' COMMENT '频编号视',
  `video_desc` varchar(80) DEFAULT NULL COMMENT '视频描述',
  `starttime` datetime DEFAULT NULL COMMENT '视频开始时间',
  `endtime` datetime DEFAULT NULL COMMENT '视频结束时间',
  `video_url` varchar(200) DEFAULT NULL COMMENT '频视播放地址',
  PRIMARY KEY (`videoid`)
) ENGINE=InnoDB DEFAULT CHARSET=utf8;

-- ----------------------------
-- Records of camera_video_list
-- ----------------------------
INSERT INTO `camera_video_list` VALUES ('90001', '0', '10月党员会议', '2015-10-15 02:53:39', '2015-10-15 02:53:48', 'http://172.29.0.108:1935/vod/_definst_/mp4:nvod/jxyeyjk/2015-09-16/jxyeyjk.stream_360p_20-08-12.mp4/playlist.m3u8');
INSERT INTO `camera_video_list` VALUES ('90001', '1', '9月党员会议', '2015-09-15 02:55:25', '2015-09-15 02:55:34', 'http://172.29.0.108:1935/vod/_definst_/mp4:nvod/jxyeyjk/2015-09-16/jxyeyjk.stream_360p_20-08-12.mp4/playlist.m3u8');

-- ----------------------------
-- Table structure for `stb_camera_rlt`
-- ----------------------------
DROP TABLE IF EXISTS `stb_camera_rlt`;
CREATE TABLE `stb_camera_rlt` (
  `stbno` varchar(20) NOT NULL COMMENT '机顶盒编号',
  `camerano` varchar(20) NOT NULL COMMENT '摄像头编号',
  `rlt_type` int(1) DEFAULT NULL COMMENT '关系类型0-县级直播会议关系;1-村镇直播会议关系'
) ENGINE=InnoDB DEFAULT CHARSET=utf8;

-- ----------------------------
-- Records of stb_camera_rlt
-- ----------------------------
INSERT INTO `stb_camera_rlt` VALUES ('BC:20:BA:84:E9:BC', '00001', '1');
INSERT INTO `stb_camera_rlt` VALUES ('BC:20:BA:84:E8:15', '000010', '1');
INSERT INTO `stb_camera_rlt` VALUES ('BC:20:BA:84:EA:84', '0000100', '1');
INSERT INTO `stb_camera_rlt` VALUES ('BC:20:BA:84:EA:31', '0000101', '1');
INSERT INTO `stb_camera_rlt` VALUES ('BC:20:BA:7D:7C:01', '0000102', '1');
INSERT INTO `stb_camera_rlt` VALUES ('BC:20:BA:72:87:76', '0000103', '1');
INSERT INTO `stb_camera_rlt` VALUES ('BC:20:BA:72:87:35', '0000104', '1');
INSERT INTO `stb_camera_rlt` VALUES ('BC:20:BA:84:EA:8F', '0000105', '1');
INSERT INTO `stb_camera_rlt` VALUES ('BC:20:BA:84:EA:A2', '0000106', '1');
INSERT INTO `stb_camera_rlt` VALUES ('BC:20:BA:84:EA:89', '0000107', '1');
INSERT INTO `stb_camera_rlt` VALUES ('BC:20:BA:72:87:74', '0000108', '1');
INSERT INTO `stb_camera_rlt` VALUES ('BC:20:BA:84:E9:8A', '000109', '1');
INSERT INTO `stb_camera_rlt` VALUES ('BC:20:BA:72:87:77', '000011', '1');
INSERT INTO `stb_camera_rlt` VALUES ('BC:20:BA:84:EA:B5', '0000110', '1');
INSERT INTO `stb_camera_rlt` VALUES ('BC:20:BA:84:EA:69', '0000112', '1');
INSERT INTO `stb_camera_rlt` VALUES ('BC:20:BA:84:EA:3A', '0000113', '1');
INSERT INTO `stb_camera_rlt` VALUES ('BC:20:BA:84:EA:AB', '0000114', '1');
INSERT INTO `stb_camera_rlt` VALUES ('BC:20:BA:84:EA:53', '0000116', '1');
INSERT INTO `stb_camera_rlt` VALUES ('BC:20:BA:84:E9:CE', '0000117', '1');
INSERT INTO `stb_camera_rlt` VALUES ('BC:20:BA:84:EA:72', '0000118', '1');
INSERT INTO `stb_camera_rlt` VALUES ('BC:20:BA:84:EA:6D', '0000119', '1');
INSERT INTO `stb_camera_rlt` VALUES ('BC:20:BA:72:87:63', '000012', '1');
INSERT INTO `stb_camera_rlt` VALUES ('BC:20:BA:7D:7C:27', '0000121', '1');
INSERT INTO `stb_camera_rlt` VALUES ('BC:20:BA:72:87:59', '0000122', '1');
INSERT INTO `stb_camera_rlt` VALUES ('BC:20:BA:84:E9:C9', '0000123', '1');
INSERT INTO `stb_camera_rlt` VALUES ('BC:20:BA:72:87:5F', '0000124', '1');
INSERT INTO `stb_camera_rlt` VALUES ('BC:20:BA:84:E9:FD', '0000125', '1');
INSERT INTO `stb_camera_rlt` VALUES ('BC:20:BA:7D:7C:3B', '0000126', '1');
INSERT INTO `stb_camera_rlt` VALUES ('BC:20:BA:84:EA:5F', '0000127', '1');
INSERT INTO `stb_camera_rlt` VALUES ('BC:20:BA:84:E9:C0', '0000128', '1');
INSERT INTO `stb_camera_rlt` VALUES ('BC:20:BA:7D:7C:22', '0000129', '1');
INSERT INTO `stb_camera_rlt` VALUES ('BC:20:BA:84:EA:63', '000013', '1');
INSERT INTO `stb_camera_rlt` VALUES ('BC:20:BA:84:E9:DA', '0000130', '1');
INSERT INTO `stb_camera_rlt` VALUES ('BC:20:BA:84:E8:33', '0000131', '1');
INSERT INTO `stb_camera_rlt` VALUES ('BC:20:BA:84:E9:C0', '0000132', '1');
INSERT INTO `stb_camera_rlt` VALUES ('BC:20:BA:7D:7C:37', '0000133', '1');
INSERT INTO `stb_camera_rlt` VALUES ('BC:20:BA:84:EA:8C', '0000134', '1');
INSERT INTO `stb_camera_rlt` VALUES ('BC:20:BA:84:E9:CD', '0000135', '1');
INSERT INTO `stb_camera_rlt` VALUES ('BC:20:BA:84:EA:48', '0000136', '1');
INSERT INTO `stb_camera_rlt` VALUES ('BC:20:BA:84:EA:44', '0000137', '1');
INSERT INTO `stb_camera_rlt` VALUES ('BC:20:BA:84:EA:5B', '0000138', '1');
INSERT INTO `stb_camera_rlt` VALUES ('BC:20:BA:84:E9:F1', '0000139', '1');
INSERT INTO `stb_camera_rlt` VALUES ('BC:20:BA:7D:7C:30', '000014', '1');
INSERT INTO `stb_camera_rlt` VALUES ('BC:20:BA:84:EA:58', '0000140', '1');
INSERT INTO `stb_camera_rlt` VALUES ('BC:20:BA:84:EA:55', '0000141', '1');
INSERT INTO `stb_camera_rlt` VALUES ('BC:20:BA:84:EA:5C', '0000142', '1');
INSERT INTO `stb_camera_rlt` VALUES ('BC:20:BA:84:EA:A9', '0000143', '1');
INSERT INTO `stb_camera_rlt` VALUES ('BC:20:BA:72:87:2F', '0000144', '1');
INSERT INTO `stb_camera_rlt` VALUES ('BC:20:BA:84:E9:97', '000015', '1');
INSERT INTO `stb_camera_rlt` VALUES ('BC:20:BA:7D:7C:1E', '000016', '1');
INSERT INTO `stb_camera_rlt` VALUES ('BC:20:BA:7D:7C:1C', '000017', '1');
INSERT INTO `stb_camera_rlt` VALUES ('BC:20:BA:84:EA:90', '000018', '1');
INSERT INTO `stb_camera_rlt` VALUES ('BC:20:BA:7D:7C:29', '000019', '1');
INSERT INTO `stb_camera_rlt` VALUES ('BC:20:BA:72:87:7B', '00002', '1');
INSERT INTO `stb_camera_rlt` VALUES ('BC:20:BA:84:EA:93', '000020', '1');
INSERT INTO `stb_camera_rlt` VALUES ('BC:20:BA:72:87:69', '000021', '1');
INSERT INTO `stb_camera_rlt` VALUES ('BC:20:BA:72:87:6C', '000022', '1');
INSERT INTO `stb_camera_rlt` VALUES ('BC:20:BA:84:EA:46', '000023', '1');
INSERT INTO `stb_camera_rlt` VALUES ('BC:20:BA:84:EA:B1', '000024', '1');
INSERT INTO `stb_camera_rlt` VALUES ('BC:20:BA:72:87:6C', '000025', '1');
INSERT INTO `stb_camera_rlt` VALUES ('BC:20:BA:72:87:68', '000026', '1');
INSERT INTO `stb_camera_rlt` VALUES ('BC:20:BA:84:EA:A0', '000027', '1');
INSERT INTO `stb_camera_rlt` VALUES ('BC:20:BA:84:EA:49', '000028', '1');
INSERT INTO `stb_camera_rlt` VALUES ('BC:20:BA:84:EA:84', '000029', '1');
INSERT INTO `stb_camera_rlt` VALUES ('BC:20:BA:84:EA:BB', '00003', '1');
INSERT INTO `stb_camera_rlt` VALUES ('BC:20:BA:84:EA:31', '000030', '1');
INSERT INTO `stb_camera_rlt` VALUES ('BC:20:BA:7D:7C:01', '000031', '1');
INSERT INTO `stb_camera_rlt` VALUES ('BC:20:BA:72:87:76', '000032', '1');
INSERT INTO `stb_camera_rlt` VALUES ('BC:20:BA:72:87:35', '000033', '1');
INSERT INTO `stb_camera_rlt` VALUES ('BC:20:BA:84:EA:8F', '000034', '1');
INSERT INTO `stb_camera_rlt` VALUES ('BC:20:BA:84:EA:A2', '000035', '1');
INSERT INTO `stb_camera_rlt` VALUES ('BC:20:BA:84:EA:89', '000036', '1');
INSERT INTO `stb_camera_rlt` VALUES ('BC:20:BA:72:87:74', '000037', '1');
INSERT INTO `stb_camera_rlt` VALUES ('BC:20:BA:84:EA:B5', '000038', '1');
INSERT INTO `stb_camera_rlt` VALUES ('BC:20:BA:84:EA:69', '000040', '1');
INSERT INTO `stb_camera_rlt` VALUES ('BC:20:BA:84:EA:3A', '000041', '1');
INSERT INTO `stb_camera_rlt` VALUES ('BC:20:BA:84:EA:AB', '000042', '1');
INSERT INTO `stb_camera_rlt` VALUES ('BC:20:BA:84:E9:F5', '000043', '1');
INSERT INTO `stb_camera_rlt` VALUES ('BC:20:BA:84:EA:53', '000044', '1');
INSERT INTO `stb_camera_rlt` VALUES ('BC:20:BA:84:E9:CE', '000045', '1');
INSERT INTO `stb_camera_rlt` VALUES ('BC:20:BA:84:EA:72', '000046', '1');
INSERT INTO `stb_camera_rlt` VALUES ('BC:20:BA:84:EA:6D', '000047', '1');
INSERT INTO `stb_camera_rlt` VALUES ('BC:20:BA:7D:7C:27', '000048', '1');
INSERT INTO `stb_camera_rlt` VALUES ('BC:20:BA:72:87:59', '000049', '1');
INSERT INTO `stb_camera_rlt` VALUES ('BC:20:BA:72:B7:60', '00005', '1');
INSERT INTO `stb_camera_rlt` VALUES ('BC:20:BA:84:E9:C9', '000050', '1');
INSERT INTO `stb_camera_rlt` VALUES ('BC:20:BA:72:87:5F', '000051', '1');
INSERT INTO `stb_camera_rlt` VALUES ('BC:20:BA:84:E9:FD', '000052', '1');
INSERT INTO `stb_camera_rlt` VALUES ('BC:20:BA:7D:7C:3B', '000053', '1');
INSERT INTO `stb_camera_rlt` VALUES ('BC:20:BA:84:EA:5F', '000054', '1');
INSERT INTO `stb_camera_rlt` VALUES ('BC:20:BA:84:E9:C0', '000055', '1');
INSERT INTO `stb_camera_rlt` VALUES ('BC:20:BA:7D:7C:22', '000056', '1');
INSERT INTO `stb_camera_rlt` VALUES ('BC:20:BA:84:E9:DA', '000057', '1');
INSERT INTO `stb_camera_rlt` VALUES ('BC:20:BA:84:E8:4E', '000058', '1');
INSERT INTO `stb_camera_rlt` VALUES ('BC:20:BA:84:E9:C0', '000059', '1');
INSERT INTO `stb_camera_rlt` VALUES ('BC:20:BA:72:87:65', '00006', '1');
INSERT INTO `stb_camera_rlt` VALUES ('BC:20:BA:7D:7C:37', '000060', '1');
INSERT INTO `stb_camera_rlt` VALUES ('BC:20:BA:84:EA:8C', '000061', '1');
INSERT INTO `stb_camera_rlt` VALUES ('BC:20:BA:84:E9:CD', '000062', '1');
INSERT INTO `stb_camera_rlt` VALUES ('BC:20:BA:84:EA:48', '000063', '1');
INSERT INTO `stb_camera_rlt` VALUES ('BC:20:BA:84:EA:44', '000064', '1');
INSERT INTO `stb_camera_rlt` VALUES ('BC:20:BA:84:EA:5B', '000065', '1');
INSERT INTO `stb_camera_rlt` VALUES ('BC:20:BA:84:E9:F1', '000066', '1');
INSERT INTO `stb_camera_rlt` VALUES ('BC:20:BA:84:EA:58', '000067', '1');
INSERT INTO `stb_camera_rlt` VALUES ('BC:20:BA:84:EA:55', '000068', '1');
INSERT INTO `stb_camera_rlt` VALUES ('BC:20:BA:84:EA:5C', '000069', '1');
INSERT INTO `stb_camera_rlt` VALUES ('BC:20:BA:72:87:67', '00007', '1');
INSERT INTO `stb_camera_rlt` VALUES ('BC:20:BA:84:EA:A9', '000070', '1');
INSERT INTO `stb_camera_rlt` VALUES ('BC:20:BA:72:87:2F', '000071', '1');
INSERT INTO `stb_camera_rlt` VALUES ('BC:20:BA:84:E9:BC', '000072', '1');
INSERT INTO `stb_camera_rlt` VALUES ('BC:20:BA:72:87:7B', '000073', '1');
INSERT INTO `stb_camera_rlt` VALUES ('BC:20:BA:84:EA:BB', '000074', '1');
INSERT INTO `stb_camera_rlt` VALUES ('BC:20:BA:72:87:79', '000075', '1');
INSERT INTO `stb_camera_rlt` VALUES ('BC:20:BA:72:B7:60', '000076', '1');
INSERT INTO `stb_camera_rlt` VALUES ('BC:20:BA:72:87:65', '000077', '1');
INSERT INTO `stb_camera_rlt` VALUES ('BC:20:BA:72:87:67', '000078', '1');
INSERT INTO `stb_camera_rlt` VALUES ('BC:20:BA:84:E8:19', '000079', '1');
INSERT INTO `stb_camera_rlt` VALUES ('BC:20:BA:84:E8:19', '00008', '1');
INSERT INTO `stb_camera_rlt` VALUES ('BC:20:BA:84:E8:16', '000080', '1');
INSERT INTO `stb_camera_rlt` VALUES ('BC:20:BA:84:E8:15', '000081', '1');
INSERT INTO `stb_camera_rlt` VALUES ('BC:20:BA:72:87:77', '000082', '1');
INSERT INTO `stb_camera_rlt` VALUES ('BC:20:BA:72:87:63', '000083', '1');
INSERT INTO `stb_camera_rlt` VALUES ('BC:20:BA:84:EA:63', '000084', '1');
INSERT INTO `stb_camera_rlt` VALUES ('BC:20:BA:7D:7C:30', '000085', '1');
INSERT INTO `stb_camera_rlt` VALUES ('BC:20:BA:84:E9:97', '000086', '1');
INSERT INTO `stb_camera_rlt` VALUES ('BC:20:BA:7D:7C:1E', '000087', '1');
INSERT INTO `stb_camera_rlt` VALUES ('BC:20:BA:7D:7C:1C', '000088', '1');
INSERT INTO `stb_camera_rlt` VALUES ('BC:20:BA:84:EA:90', '000089', '1');
INSERT INTO `stb_camera_rlt` VALUES ('BC:20:BA:84:E8:16', '00009', '1');
INSERT INTO `stb_camera_rlt` VALUES ('BC:20:BA:7D:7C:29', '000090', '1');
INSERT INTO `stb_camera_rlt` VALUES ('BC:20:BA:84:EA:93', '000091', '1');
INSERT INTO `stb_camera_rlt` VALUES ('BC:20:BA:72:87:69', '000092', '1');
INSERT INTO `stb_camera_rlt` VALUES ('BC:20:BA:72:87:6C', '000093', '1');
INSERT INTO `stb_camera_rlt` VALUES ('BC:20:BA:84:EA:46', '000094', '1');
INSERT INTO `stb_camera_rlt` VALUES ('BC:20:BA:84:EA:B1', '000095', '1');
INSERT INTO `stb_camera_rlt` VALUES ('BC:20:BA:72:87:6C', '000096', '1');
INSERT INTO `stb_camera_rlt` VALUES ('BC:20:BA:72:87:68', '000097', '1');
INSERT INTO `stb_camera_rlt` VALUES ('BC:20:BA:84:EA:A0', '000098', '1');
INSERT INTO `stb_camera_rlt` VALUES ('BC:20:BA:84:EA:49', '000099', '1');
INSERT INTO `stb_camera_rlt` VALUES ('BC:20:BA:7D:7D:0B', '00001', '1');
INSERT INTO `stb_camera_rlt` VALUES ('BC:20:BA:7D:7D:0B', '000010', '1');
INSERT INTO `stb_camera_rlt` VALUES ('BC:20:BA:7D:7D:0B', '0000100', '1');
INSERT INTO `stb_camera_rlt` VALUES ('BC:20:BA:7D:7D:0B', '0000101', '1');
INSERT INTO `stb_camera_rlt` VALUES ('BC:20:BA:7D:7D:0B', '0000102', '1');
INSERT INTO `stb_camera_rlt` VALUES ('BC:20:BA:7D:7D:0B', '0000103', '1');
INSERT INTO `stb_camera_rlt` VALUES ('BC:20:BA:7D:7D:0B', '0000104', '1');
INSERT INTO `stb_camera_rlt` VALUES ('BC:20:BA:7D:7D:0B', '0000105', '1');
INSERT INTO `stb_camera_rlt` VALUES ('BC:20:BA:7D:7D:0B', '0000106', '1');
INSERT INTO `stb_camera_rlt` VALUES ('BC:20:BA:7D:7D:0B', '0000107', '1');
INSERT INTO `stb_camera_rlt` VALUES ('BC:20:BA:7D:7D:0B', '0000108', '1');
INSERT INTO `stb_camera_rlt` VALUES ('BC:20:BA:7D:7D:0B', '0000109', '1');
INSERT INTO `stb_camera_rlt` VALUES ('BC:20:BA:7D:7D:0B', '000011', '1');
INSERT INTO `stb_camera_rlt` VALUES ('BC:20:BA:7D:7D:0B', '0000110', '1');
INSERT INTO `stb_camera_rlt` VALUES ('BC:20:BA:7D:7D:0B', '0000112', '1');
INSERT INTO `stb_camera_rlt` VALUES ('BC:20:BA:7D:7D:0B', '0000113', '1');
INSERT INTO `stb_camera_rlt` VALUES ('BC:20:BA:7D:7D:0B', '0000114', '1');
INSERT INTO `stb_camera_rlt` VALUES ('BC:20:BA:7D:7D:0B', '0000116', '1');
INSERT INTO `stb_camera_rlt` VALUES ('BC:20:BA:7D:7D:0B', '0000117', '1');
INSERT INTO `stb_camera_rlt` VALUES ('BC:20:BA:7D:7D:0B', '0000118', '1');
INSERT INTO `stb_camera_rlt` VALUES ('BC:20:BA:7D:7D:0B', '0000119', '1');
INSERT INTO `stb_camera_rlt` VALUES ('BC:20:BA:7D:7D:0B', '000012', '1');
INSERT INTO `stb_camera_rlt` VALUES ('BC:20:BA:7D:7D:0B', '0000120', '1');
INSERT INTO `stb_camera_rlt` VALUES ('BC:20:BA:7D:7D:0B', '0000121', '1');
INSERT INTO `stb_camera_rlt` VALUES ('BC:20:BA:7D:7D:0B', '0000122', '1');
INSERT INTO `stb_camera_rlt` VALUES ('BC:20:BA:7D:7D:0B', '0000123', '1');
INSERT INTO `stb_camera_rlt` VALUES ('BC:20:BA:7D:7D:0B', '0000124', '1');
INSERT INTO `stb_camera_rlt` VALUES ('BC:20:BA:7D:7D:0B', '0000125', '1');
INSERT INTO `stb_camera_rlt` VALUES ('BC:20:BA:7D:7D:0B', '0000126', '1');
INSERT INTO `stb_camera_rlt` VALUES ('BC:20:BA:7D:7D:0B', '0000127', '1');
INSERT INTO `stb_camera_rlt` VALUES ('BC:20:BA:7D:7D:0B', '0000128', '1');
INSERT INTO `stb_camera_rlt` VALUES ('BC:20:BA:7D:7D:0B', '0000129', '1');
INSERT INTO `stb_camera_rlt` VALUES ('BC:20:BA:7D:7D:0B', '000013', '1');
INSERT INTO `stb_camera_rlt` VALUES ('BC:20:BA:7D:7D:0B', '0000130', '1');
INSERT INTO `stb_camera_rlt` VALUES ('BC:20:BA:7D:7D:0B', '0000131', '1');
INSERT INTO `stb_camera_rlt` VALUES ('BC:20:BA:7D:7D:0B', '0000132', '1');
INSERT INTO `stb_camera_rlt` VALUES ('BC:20:BA:7D:7D:0B', '0000133', '1');
INSERT INTO `stb_camera_rlt` VALUES ('BC:20:BA:7D:7D:0B', '0000134', '1');
INSERT INTO `stb_camera_rlt` VALUES ('BC:20:BA:7D:7D:0B', '0000135', '1');
INSERT INTO `stb_camera_rlt` VALUES ('BC:20:BA:7D:7D:0B', '0000136', '1');
INSERT INTO `stb_camera_rlt` VALUES ('BC:20:BA:7D:7D:0B', '0000137', '1');
INSERT INTO `stb_camera_rlt` VALUES ('BC:20:BA:7D:7D:0B', '0000138', '1');
INSERT INTO `stb_camera_rlt` VALUES ('BC:20:BA:7D:7D:0B', '0000139', '1');
INSERT INTO `stb_camera_rlt` VALUES ('BC:20:BA:7D:7D:0B', '000014', '1');
INSERT INTO `stb_camera_rlt` VALUES ('BC:20:BA:7D:7D:0B', '0000140', '1');
INSERT INTO `stb_camera_rlt` VALUES ('BC:20:BA:7D:7D:0B', '0000141', '1');
INSERT INTO `stb_camera_rlt` VALUES ('BC:20:BA:7D:7D:0B', '0000142', '1');
INSERT INTO `stb_camera_rlt` VALUES ('BC:20:BA:7D:7D:0B', '0000143', '1');
INSERT INTO `stb_camera_rlt` VALUES ('BC:20:BA:7D:7D:0B', '0000144', '1');
INSERT INTO `stb_camera_rlt` VALUES ('BC:20:BA:7D:7D:0B', '002005', '1');
INSERT INTO `stb_camera_rlt` VALUES ('BC:20:BA:7D:7D:0B', '000016', '1');
INSERT INTO `stb_camera_rlt` VALUES ('BC:20:BA:7D:7D:0B', '000017', '1');
INSERT INTO `stb_camera_rlt` VALUES ('BC:20:BA:7D:7D:0B', '000018', '1');
INSERT INTO `stb_camera_rlt` VALUES ('BC:20:BA:7D:7D:0B', '000019', '1');
INSERT INTO `stb_camera_rlt` VALUES ('BC:20:BA:7D:7D:0B', '00002', '1');
INSERT INTO `stb_camera_rlt` VALUES ('BC:20:BA:7D:7D:0B', '000020', '1');
INSERT INTO `stb_camera_rlt` VALUES ('BC:20:BA:7D:7D:0B', '000021', '1');
INSERT INTO `stb_camera_rlt` VALUES ('BC:20:BA:7D:7D:0B', '000022', '1');
INSERT INTO `stb_camera_rlt` VALUES ('BC:20:BA:7D:7D:0B', '000023', '1');
INSERT INTO `stb_camera_rlt` VALUES ('BC:20:BA:7D:7D:0B', '000024', '1');
INSERT INTO `stb_camera_rlt` VALUES ('BC:20:BA:7D:7D:0B', '000025', '1');
INSERT INTO `stb_camera_rlt` VALUES ('BC:20:BA:7D:7D:0B', '000026', '1');
INSERT INTO `stb_camera_rlt` VALUES ('BC:20:BA:7D:7D:0B', '000027', '1');
INSERT INTO `stb_camera_rlt` VALUES ('BC:20:BA:7D:7D:0B', '000028', '1');
INSERT INTO `stb_camera_rlt` VALUES ('BC:20:BA:7D:7D:0B', '000029', '1');
INSERT INTO `stb_camera_rlt` VALUES ('BC:20:BA:7D:7D:0B', '00003', '1');
INSERT INTO `stb_camera_rlt` VALUES ('BC:20:BA:7D:7D:0B', '000030', '1');
INSERT INTO `stb_camera_rlt` VALUES ('BC:20:BA:7D:7D:0B', '000031', '1');
INSERT INTO `stb_camera_rlt` VALUES ('BC:20:BA:7D:7D:0B', '000032', '1');
INSERT INTO `stb_camera_rlt` VALUES ('BC:20:BA:7D:7D:0B', '000033', '1');
INSERT INTO `stb_camera_rlt` VALUES ('BC:20:BA:7D:7D:0B', '000034', '1');
INSERT INTO `stb_camera_rlt` VALUES ('BC:20:BA:7D:7D:0B', '000035', '1');
INSERT INTO `stb_camera_rlt` VALUES ('BC:20:BA:7D:7D:0B', '000036', '1');
INSERT INTO `stb_camera_rlt` VALUES ('BC:20:BA:7D:7D:0B', '000037', '1');
INSERT INTO `stb_camera_rlt` VALUES ('BC:20:BA:7D:7D:0B', '000038', '1');
INSERT INTO `stb_camera_rlt` VALUES ('BC:20:BA:7D:7D:0B', '000039', '1');
INSERT INTO `stb_camera_rlt` VALUES ('BC:20:BA:7D:7D:0B', '000040', '1');
INSERT INTO `stb_camera_rlt` VALUES ('BC:20:BA:7D:7D:0B', '000041', '1');
INSERT INTO `stb_camera_rlt` VALUES ('BC:20:BA:7D:7D:0B', '000042', '1');
INSERT INTO `stb_camera_rlt` VALUES ('BC:20:BA:7D:7D:0B', '000043', '1');
INSERT INTO `stb_camera_rlt` VALUES ('BC:20:BA:7D:7D:0B', '000044', '1');
INSERT INTO `stb_camera_rlt` VALUES ('BC:20:BA:7D:7D:0B', '000045', '1');
INSERT INTO `stb_camera_rlt` VALUES ('BC:20:BA:7D:7D:0B', '000046', '1');
INSERT INTO `stb_camera_rlt` VALUES ('BC:20:BA:7D:7D:0B', '000047', '1');
INSERT INTO `stb_camera_rlt` VALUES ('BC:20:BA:7D:7D:0B', '000048', '1');
INSERT INTO `stb_camera_rlt` VALUES ('BC:20:BA:7D:7D:0B', '000049', '1');
INSERT INTO `stb_camera_rlt` VALUES ('BC:20:BA:7D:7D:0B', '00005', '1');
INSERT INTO `stb_camera_rlt` VALUES ('BC:20:BA:7D:7D:0B', '000050', '1');
INSERT INTO `stb_camera_rlt` VALUES ('BC:20:BA:7D:7D:0B', '000051', '1');
INSERT INTO `stb_camera_rlt` VALUES ('BC:20:BA:7D:7D:0B', '000052', '1');
INSERT INTO `stb_camera_rlt` VALUES ('BC:20:BA:7D:7D:0B', '000053', '1');
INSERT INTO `stb_camera_rlt` VALUES ('BC:20:BA:7D:7D:0B', '000054', '1');
INSERT INTO `stb_camera_rlt` VALUES ('BC:20:BA:7D:7D:0B', '000055', '1');
INSERT INTO `stb_camera_rlt` VALUES ('BC:20:BA:7D:7D:0B', '000056', '1');
INSERT INTO `stb_camera_rlt` VALUES ('BC:20:BA:7D:7D:0B', '000057', '1');
INSERT INTO `stb_camera_rlt` VALUES ('BC:20:BA:7D:7D:0B', '000058', '1');
INSERT INTO `stb_camera_rlt` VALUES ('BC:20:BA:7D:7D:0B', '000059', '1');
INSERT INTO `stb_camera_rlt` VALUES ('BC:20:BA:7D:7D:0B', '00006', '1');
INSERT INTO `stb_camera_rlt` VALUES ('BC:20:BA:7D:7D:0B', '000060', '1');
INSERT INTO `stb_camera_rlt` VALUES ('BC:20:BA:7D:7D:0B', '000061', '1');
INSERT INTO `stb_camera_rlt` VALUES ('BC:20:BA:7D:7D:0B', '000062', '1');
INSERT INTO `stb_camera_rlt` VALUES ('BC:20:BA:7D:7D:0B', '000063', '1');
INSERT INTO `stb_camera_rlt` VALUES ('BC:20:BA:7D:7D:0B', '000064', '1');
INSERT INTO `stb_camera_rlt` VALUES ('BC:20:BA:7D:7D:0B', '000065', '1');
INSERT INTO `stb_camera_rlt` VALUES ('BC:20:BA:7D:7D:0B', '000066', '1');
INSERT INTO `stb_camera_rlt` VALUES ('BC:20:BA:7D:7D:0B', '000067', '1');
INSERT INTO `stb_camera_rlt` VALUES ('BC:20:BA:7D:7D:0B', '000068', '1');
INSERT INTO `stb_camera_rlt` VALUES ('BC:20:BA:7D:7D:0B', '000069', '1');
INSERT INTO `stb_camera_rlt` VALUES ('BC:20:BA:7D:7D:0B', '00007', '1');
INSERT INTO `stb_camera_rlt` VALUES ('BC:20:BA:7D:7D:0B', '000070', '1');
INSERT INTO `stb_camera_rlt` VALUES ('BC:20:BA:7D:7D:0B', '000071', '1');
INSERT INTO `stb_camera_rlt` VALUES ('BC:20:BA:7D:7D:0B', '000072', '1');
INSERT INTO `stb_camera_rlt` VALUES ('BC:20:BA:7D:7D:0B', '000073', '1');
INSERT INTO `stb_camera_rlt` VALUES ('BC:20:BA:7D:7D:0B', '000074', '1');
INSERT INTO `stb_camera_rlt` VALUES ('BC:20:BA:7D:7D:0B', '000075', '1');
INSERT INTO `stb_camera_rlt` VALUES ('BC:20:BA:7D:7D:0B', '000076', '1');
INSERT INTO `stb_camera_rlt` VALUES ('BC:20:BA:7D:7D:0B', '000077', '1');
INSERT INTO `stb_camera_rlt` VALUES ('BC:20:BA:7D:7D:0B', '000078', '1');
INSERT INTO `stb_camera_rlt` VALUES ('BC:20:BA:7D:7D:0B', '000079', '1');
INSERT INTO `stb_camera_rlt` VALUES ('BC:20:BA:7D:7D:0B', '00008', '1');
INSERT INTO `stb_camera_rlt` VALUES ('BC:20:BA:7D:7D:0B', '000080', '1');
INSERT INTO `stb_camera_rlt` VALUES ('BC:20:BA:7D:7D:0B', '000081', '1');
INSERT INTO `stb_camera_rlt` VALUES ('BC:20:BA:7D:7D:0B', '000082', '1');
INSERT INTO `stb_camera_rlt` VALUES ('BC:20:BA:7D:7D:0B', '000083', '1');
INSERT INTO `stb_camera_rlt` VALUES ('BC:20:BA:7D:7D:0B', '000084', '1');
INSERT INTO `stb_camera_rlt` VALUES ('BC:20:BA:7D:7D:0B', '000085', '1');
INSERT INTO `stb_camera_rlt` VALUES ('BC:20:BA:7D:7D:0B', '000086', '1');
INSERT INTO `stb_camera_rlt` VALUES ('BC:20:BA:7D:7D:0B', '000087', '1');
INSERT INTO `stb_camera_rlt` VALUES ('BC:20:BA:7D:7D:0B', '000088', '1');
INSERT INTO `stb_camera_rlt` VALUES ('BC:20:BA:7D:7D:0B', '000089', '1');
INSERT INTO `stb_camera_rlt` VALUES ('BC:20:BA:7D:7D:0B', '00009', '1');
INSERT INTO `stb_camera_rlt` VALUES ('BC:20:BA:7D:7D:0B', '000090', '1');
INSERT INTO `stb_camera_rlt` VALUES ('BC:20:BA:7D:7D:0B', '000091', '1');
INSERT INTO `stb_camera_rlt` VALUES ('BC:20:BA:7D:7D:0B', '000092', '1');
INSERT INTO `stb_camera_rlt` VALUES ('BC:20:BA:7D:7D:0B', '000093', '1');
INSERT INTO `stb_camera_rlt` VALUES ('BC:20:BA:7D:7D:0B', '000094', '1');
INSERT INTO `stb_camera_rlt` VALUES ('BC:20:BA:7D:7D:0B', '000095', '1');
INSERT INTO `stb_camera_rlt` VALUES ('BC:20:BA:7D:7D:0B', '000096', '1');
INSERT INTO `stb_camera_rlt` VALUES ('BC:20:BA:7D:7D:0B', '000097', '1');
INSERT INTO `stb_camera_rlt` VALUES ('BC:20:BA:7D:7D:0B', '000098', '1');
INSERT INTO `stb_camera_rlt` VALUES ('BC:20:BA:7D:7D:0B', '000099', '1');
INSERT INTO `stb_camera_rlt` VALUES ('BC:20:BA:84:E8:53', '00001', '1');
INSERT INTO `stb_camera_rlt` VALUES ('BC:20:BA:84:E8:53', '000010', '1');
INSERT INTO `stb_camera_rlt` VALUES ('BC:20:BA:84:E8:53', '0000100', '1');
INSERT INTO `stb_camera_rlt` VALUES ('BC:20:BA:84:E8:53', '0000101', '1');
INSERT INTO `stb_camera_rlt` VALUES ('BC:20:BA:84:E8:53', '0000102', '1');
INSERT INTO `stb_camera_rlt` VALUES ('BC:20:BA:84:E8:53', '0000103', '1');
INSERT INTO `stb_camera_rlt` VALUES ('BC:20:BA:84:E8:53', '0000104', '1');
INSERT INTO `stb_camera_rlt` VALUES ('BC:20:BA:84:E8:53', '0000105', '1');
INSERT INTO `stb_camera_rlt` VALUES ('BC:20:BA:84:E8:53', '0000106', '1');
INSERT INTO `stb_camera_rlt` VALUES ('BC:20:BA:84:E8:53', '0000107', '1');
INSERT INTO `stb_camera_rlt` VALUES ('BC:20:BA:84:E8:53', '0000108', '1');
INSERT INTO `stb_camera_rlt` VALUES ('BC:20:BA:84:E8:53', '0000109', '1');
INSERT INTO `stb_camera_rlt` VALUES ('BC:20:BA:84:E8:53', '000011', '1');
INSERT INTO `stb_camera_rlt` VALUES ('BC:20:BA:84:E8:53', '0000110', '1');
INSERT INTO `stb_camera_rlt` VALUES ('BC:20:BA:84:E8:53', '0000112', '1');
INSERT INTO `stb_camera_rlt` VALUES ('BC:20:BA:84:E8:53', '0000113', '1');
INSERT INTO `stb_camera_rlt` VALUES ('BC:20:BA:84:E8:53', '0000114', '1');
INSERT INTO `stb_camera_rlt` VALUES ('BC:20:BA:84:E8:53', '0000116', '1');
INSERT INTO `stb_camera_rlt` VALUES ('BC:20:BA:84:E8:53', '0000117', '1');
INSERT INTO `stb_camera_rlt` VALUES ('BC:20:BA:84:E8:53', '0000118', '1');
INSERT INTO `stb_camera_rlt` VALUES ('BC:20:BA:84:E8:53', '0000119', '1');
INSERT INTO `stb_camera_rlt` VALUES ('BC:20:BA:84:E8:53', '000012', '1');
INSERT INTO `stb_camera_rlt` VALUES ('BC:20:BA:84:E8:53', '0000120', '1');
INSERT INTO `stb_camera_rlt` VALUES ('BC:20:BA:84:E8:53', '0000121', '1');
INSERT INTO `stb_camera_rlt` VALUES ('BC:20:BA:84:E8:53', '0000122', '1');
INSERT INTO `stb_camera_rlt` VALUES ('BC:20:BA:84:E8:53', '0000123', '1');
INSERT INTO `stb_camera_rlt` VALUES ('BC:20:BA:84:E8:53', '0000124', '1');
INSERT INTO `stb_camera_rlt` VALUES ('BC:20:BA:84:E8:53', '0000125', '1');
INSERT INTO `stb_camera_rlt` VALUES ('BC:20:BA:84:E8:53', '0000126', '1');
INSERT INTO `stb_camera_rlt` VALUES ('BC:20:BA:84:E8:53', '0000127', '1');
INSERT INTO `stb_camera_rlt` VALUES ('BC:20:BA:84:E8:53', '0000128', '1');
INSERT INTO `stb_camera_rlt` VALUES ('BC:20:BA:84:E8:53', '0000129', '1');
INSERT INTO `stb_camera_rlt` VALUES ('BC:20:BA:84:E8:53', '000013', '1');
INSERT INTO `stb_camera_rlt` VALUES ('BC:20:BA:84:E8:53', '0000130', '1');
INSERT INTO `stb_camera_rlt` VALUES ('BC:20:BA:84:E8:53', '0000131', '1');
INSERT INTO `stb_camera_rlt` VALUES ('BC:20:BA:84:E8:53', '0000132', '1');
INSERT INTO `stb_camera_rlt` VALUES ('BC:20:BA:84:E8:53', '0000133', '1');
INSERT INTO `stb_camera_rlt` VALUES ('BC:20:BA:84:E8:53', '0000134', '1');
INSERT INTO `stb_camera_rlt` VALUES ('BC:20:BA:84:E8:53', '0000135', '1');
INSERT INTO `stb_camera_rlt` VALUES ('BC:20:BA:84:E8:53', '0000136', '1');
INSERT INTO `stb_camera_rlt` VALUES ('BC:20:BA:84:E8:53', '0000137', '1');
INSERT INTO `stb_camera_rlt` VALUES ('BC:20:BA:84:E8:53', '0000138', '1');
INSERT INTO `stb_camera_rlt` VALUES ('BC:20:BA:84:E8:53', '0000139', '1');
INSERT INTO `stb_camera_rlt` VALUES ('BC:20:BA:84:E8:53', '000014', '1');
INSERT INTO `stb_camera_rlt` VALUES ('BC:20:BA:84:E8:53', '0000140', '1');
INSERT INTO `stb_camera_rlt` VALUES ('BC:20:BA:84:E8:53', '0000141', '1');
INSERT INTO `stb_camera_rlt` VALUES ('BC:20:BA:84:E8:53', '0000142', '1');
INSERT INTO `stb_camera_rlt` VALUES ('BC:20:BA:84:E8:53', '0000143', '1');
INSERT INTO `stb_camera_rlt` VALUES ('BC:20:BA:84:E8:53', '0000144', '1');
INSERT INTO `stb_camera_rlt` VALUES ('BC:20:BA:84:E8:53', '000015', '1');
INSERT INTO `stb_camera_rlt` VALUES ('BC:20:BA:84:E8:53', '000016', '1');
INSERT INTO `stb_camera_rlt` VALUES ('BC:20:BA:84:E8:53', '000017', '1');
INSERT INTO `stb_camera_rlt` VALUES ('BC:20:BA:84:E8:53', '000018', '1');
INSERT INTO `stb_camera_rlt` VALUES ('BC:20:BA:84:E8:53', '000019', '1');
INSERT INTO `stb_camera_rlt` VALUES ('BC:20:BA:84:E8:53', '00002', '1');
INSERT INTO `stb_camera_rlt` VALUES ('BC:20:BA:84:E8:53', '000020', '1');
INSERT INTO `stb_camera_rlt` VALUES ('BC:20:BA:84:E8:53', '000021', '1');
INSERT INTO `stb_camera_rlt` VALUES ('BC:20:BA:84:E8:53', '000022', '1');
INSERT INTO `stb_camera_rlt` VALUES ('BC:20:BA:84:E8:53', '000023', '1');
INSERT INTO `stb_camera_rlt` VALUES ('BC:20:BA:84:E8:53', '000024', '1');
INSERT INTO `stb_camera_rlt` VALUES ('BC:20:BA:84:E8:53', '000025', '1');
INSERT INTO `stb_camera_rlt` VALUES ('BC:20:BA:84:E8:53', '000026', '1');
INSERT INTO `stb_camera_rlt` VALUES ('BC:20:BA:84:E8:53', '000027', '1');
INSERT INTO `stb_camera_rlt` VALUES ('BC:20:BA:84:E8:53', '000028', '1');
INSERT INTO `stb_camera_rlt` VALUES ('BC:20:BA:84:E8:53', '000029', '1');
INSERT INTO `stb_camera_rlt` VALUES ('BC:20:BA:84:E8:53', '00003', '1');
INSERT INTO `stb_camera_rlt` VALUES ('BC:20:BA:84:E8:53', '000030', '1');
INSERT INTO `stb_camera_rlt` VALUES ('BC:20:BA:84:E8:53', '000031', '1');
INSERT INTO `stb_camera_rlt` VALUES ('BC:20:BA:84:E8:53', '000032', '1');
INSERT INTO `stb_camera_rlt` VALUES ('BC:20:BA:84:E8:53', '000033', '1');
INSERT INTO `stb_camera_rlt` VALUES ('BC:20:BA:84:E8:53', '000034', '1');
INSERT INTO `stb_camera_rlt` VALUES ('BC:20:BA:84:E8:53', '000035', '1');
INSERT INTO `stb_camera_rlt` VALUES ('BC:20:BA:84:E8:53', '000036', '1');
INSERT INTO `stb_camera_rlt` VALUES ('BC:20:BA:84:E8:53', '000037', '1');
INSERT INTO `stb_camera_rlt` VALUES ('BC:20:BA:84:E8:53', '000038', '1');
INSERT INTO `stb_camera_rlt` VALUES ('BC:20:BA:84:E8:53', '000039', '1');
INSERT INTO `stb_camera_rlt` VALUES ('BC:20:BA:84:E8:53', '000040', '1');
INSERT INTO `stb_camera_rlt` VALUES ('BC:20:BA:84:E8:53', '000041', '1');
INSERT INTO `stb_camera_rlt` VALUES ('BC:20:BA:84:E8:53', '000042', '1');
INSERT INTO `stb_camera_rlt` VALUES ('BC:20:BA:84:E8:53', '000043', '1');
INSERT INTO `stb_camera_rlt` VALUES ('BC:20:BA:84:E8:53', '000044', '1');
INSERT INTO `stb_camera_rlt` VALUES ('BC:20:BA:84:E8:53', '000045', '1');
INSERT INTO `stb_camera_rlt` VALUES ('BC:20:BA:84:E8:53', '000046', '1');
INSERT INTO `stb_camera_rlt` VALUES ('BC:20:BA:84:E8:53', '000047', '1');
INSERT INTO `stb_camera_rlt` VALUES ('BC:20:BA:84:E8:53', '000048', '1');
INSERT INTO `stb_camera_rlt` VALUES ('BC:20:BA:84:E8:53', '000049', '1');
INSERT INTO `stb_camera_rlt` VALUES ('BC:20:BA:84:E8:53', '00005', '1');
INSERT INTO `stb_camera_rlt` VALUES ('BC:20:BA:84:E8:53', '000050', '1');
INSERT INTO `stb_camera_rlt` VALUES ('BC:20:BA:84:E8:53', '000051', '1');
INSERT INTO `stb_camera_rlt` VALUES ('BC:20:BA:84:E8:53', '000052', '1');
INSERT INTO `stb_camera_rlt` VALUES ('BC:20:BA:84:E8:53', '000053', '1');
INSERT INTO `stb_camera_rlt` VALUES ('BC:20:BA:84:E8:53', '000054', '1');
INSERT INTO `stb_camera_rlt` VALUES ('BC:20:BA:84:E8:53', '000055', '1');
INSERT INTO `stb_camera_rlt` VALUES ('BC:20:BA:84:E8:53', '000056', '1');
INSERT INTO `stb_camera_rlt` VALUES ('BC:20:BA:84:E8:53', '000057', '1');
INSERT INTO `stb_camera_rlt` VALUES ('BC:20:BA:84:E8:53', '000058', '1');
INSERT INTO `stb_camera_rlt` VALUES ('BC:20:BA:84:E8:53', '000059', '1');
INSERT INTO `stb_camera_rlt` VALUES ('BC:20:BA:84:E8:53', '00006', '1');
INSERT INTO `stb_camera_rlt` VALUES ('BC:20:BA:84:E8:53', '000060', '1');
INSERT INTO `stb_camera_rlt` VALUES ('BC:20:BA:84:E8:53', '000061', '1');
INSERT INTO `stb_camera_rlt` VALUES ('BC:20:BA:84:E8:53', '000062', '1');
INSERT INTO `stb_camera_rlt` VALUES ('BC:20:BA:84:E8:53', '000063', '1');
INSERT INTO `stb_camera_rlt` VALUES ('BC:20:BA:84:E8:53', '000064', '1');
INSERT INTO `stb_camera_rlt` VALUES ('BC:20:BA:84:E8:53', '000065', '1');
INSERT INTO `stb_camera_rlt` VALUES ('BC:20:BA:84:E8:53', '000066', '1');
INSERT INTO `stb_camera_rlt` VALUES ('BC:20:BA:84:E8:53', '000067', '1');
INSERT INTO `stb_camera_rlt` VALUES ('BC:20:BA:84:E8:53', '000068', '1');
INSERT INTO `stb_camera_rlt` VALUES ('BC:20:BA:84:E8:53', '000069', '1');
INSERT INTO `stb_camera_rlt` VALUES ('BC:20:BA:84:E8:53', '00007', '1');
INSERT INTO `stb_camera_rlt` VALUES ('BC:20:BA:84:E8:53', '000070', '1');
INSERT INTO `stb_camera_rlt` VALUES ('BC:20:BA:84:E8:53', '000071', '1');
INSERT INTO `stb_camera_rlt` VALUES ('BC:20:BA:84:E8:53', '000072', '1');
INSERT INTO `stb_camera_rlt` VALUES ('BC:20:BA:84:E8:53', '000073', '1');
INSERT INTO `stb_camera_rlt` VALUES ('BC:20:BA:84:E8:53', '000074', '1');
INSERT INTO `stb_camera_rlt` VALUES ('BC:20:BA:84:E8:53', '000075', '1');
INSERT INTO `stb_camera_rlt` VALUES ('BC:20:BA:84:E8:53', '000076', '1');
INSERT INTO `stb_camera_rlt` VALUES ('BC:20:BA:84:E8:53', '000077', '1');
INSERT INTO `stb_camera_rlt` VALUES ('BC:20:BA:84:E8:53', '000078', '1');
INSERT INTO `stb_camera_rlt` VALUES ('BC:20:BA:84:E8:53', '000079', '1');
INSERT INTO `stb_camera_rlt` VALUES ('BC:20:BA:84:E8:53', '00008', '1');
INSERT INTO `stb_camera_rlt` VALUES ('BC:20:BA:84:E8:53', '000080', '1');
INSERT INTO `stb_camera_rlt` VALUES ('BC:20:BA:84:E8:53', '000081', '1');
INSERT INTO `stb_camera_rlt` VALUES ('BC:20:BA:84:E8:53', '000082', '1');
INSERT INTO `stb_camera_rlt` VALUES ('BC:20:BA:84:E8:53', '000083', '1');
INSERT INTO `stb_camera_rlt` VALUES ('BC:20:BA:84:E8:53', '000084', '1');
INSERT INTO `stb_camera_rlt` VALUES ('BC:20:BA:84:E8:53', '000085', '1');
INSERT INTO `stb_camera_rlt` VALUES ('BC:20:BA:84:E8:53', '000086', '1');
INSERT INTO `stb_camera_rlt` VALUES ('BC:20:BA:84:E8:53', '000087', '1');
INSERT INTO `stb_camera_rlt` VALUES ('BC:20:BA:84:E8:53', '000088', '1');
INSERT INTO `stb_camera_rlt` VALUES ('BC:20:BA:84:E8:53', '000089', '1');
INSERT INTO `stb_camera_rlt` VALUES ('BC:20:BA:84:E8:53', '00009', '1');
INSERT INTO `stb_camera_rlt` VALUES ('BC:20:BA:84:E8:53', '000090', '1');
INSERT INTO `stb_camera_rlt` VALUES ('BC:20:BA:84:E8:53', '000091', '1');
INSERT INTO `stb_camera_rlt` VALUES ('BC:20:BA:84:E8:53', '000092', '1');
INSERT INTO `stb_camera_rlt` VALUES ('BC:20:BA:84:E8:53', '000093', '1');
INSERT INTO `stb_camera_rlt` VALUES ('BC:20:BA:84:E8:53', '000094', '1');
INSERT INTO `stb_camera_rlt` VALUES ('BC:20:BA:84:E8:53', '000095', '1');
INSERT INTO `stb_camera_rlt` VALUES ('BC:20:BA:84:E8:53', '000096', '1');
INSERT INTO `stb_camera_rlt` VALUES ('BC:20:BA:84:E8:53', '000097', '1');
INSERT INTO `stb_camera_rlt` VALUES ('BC:20:BA:84:E8:53', '000098', '1');
INSERT INTO `stb_camera_rlt` VALUES ('BC:20:BA:84:E8:53', '000099', '1');
INSERT INTO `stb_camera_rlt` VALUES ('BC:20:BA:7D:7C:3C', '000120', '1');
INSERT INTO `stb_camera_rlt` VALUES ('BC:20:BA:7D:7C:3C', '0000121', '1');
INSERT INTO `stb_camera_rlt` VALUES ('BC:20:BA:7D:7C:3C', '0000122', '1');
INSERT INTO `stb_camera_rlt` VALUES ('BC:20:BA:7D:7C:3C', '0000123', '1');
INSERT INTO `stb_camera_rlt` VALUES ('BC:20:BA:7D:7C:3C', '0000124', '1');
INSERT INTO `stb_camera_rlt` VALUES ('BC:20:BA:7D:7C:3C', '0000125', '1');
INSERT INTO `stb_camera_rlt` VALUES ('BC:20:BA:7D:7C:3C', '0000126', '1');
INSERT INTO `stb_camera_rlt` VALUES ('BC:20:BA:7D:7C:3C', '0000127', '1');
INSERT INTO `stb_camera_rlt` VALUES ('BC:20:BA:7D:7C:3C', '0000128', '1');
INSERT INTO `stb_camera_rlt` VALUES ('BC:20:BA:7D:7C:3C', '0000129', '1');
INSERT INTO `stb_camera_rlt` VALUES ('BC:20:BA:7D:7C:3C', '0000130', '1');
INSERT INTO `stb_camera_rlt` VALUES ('BC:20:BA:7D:7C:3C', '0000131', '1');
INSERT INTO `stb_camera_rlt` VALUES ('BC:20:BA:7D:7C:3C', '0000132', '1');
INSERT INTO `stb_camera_rlt` VALUES ('BC:20:BA:7D:7C:3C', '0000133', '1');
INSERT INTO `stb_camera_rlt` VALUES ('BC:20:BA:7D:7C:3C', '0000134', '1');
INSERT INTO `stb_camera_rlt` VALUES ('BC:20:BA:7D:7C:3C', '0000135', '1');
INSERT INTO `stb_camera_rlt` VALUES ('BC:20:BA:7D:7C:3C', '0000136', '1');
INSERT INTO `stb_camera_rlt` VALUES ('BC:20:BA:7D:7C:3C', '0000137', '1');
INSERT INTO `stb_camera_rlt` VALUES ('BC:20:BA:7D:7C:3C', '0000138', '1');
INSERT INTO `stb_camera_rlt` VALUES ('BC:20:BA:7D:7C:3C', '0000139', '1');
INSERT INTO `stb_camera_rlt` VALUES ('BC:20:BA:7D:7C:3C', '0000140', '1');
INSERT INTO `stb_camera_rlt` VALUES ('BC:20:BA:7D:7C:3C', '0000141', '1');
INSERT INTO `stb_camera_rlt` VALUES ('BC:20:BA:7D:7C:3C', '0000142', '1');
INSERT INTO `stb_camera_rlt` VALUES ('BC:20:BA:7D:7C:3C', '0000143', '1');
INSERT INTO `stb_camera_rlt` VALUES ('BC:20:BA:7D:7C:3C', '0000144', '1');
INSERT INTO `stb_camera_rlt` VALUES ('BC:20:BA:7D:7C:3C', '000048', '1');
INSERT INTO `stb_camera_rlt` VALUES ('BC:20:BA:7D:7C:3C', '000049', '1');
INSERT INTO `stb_camera_rlt` VALUES ('BC:20:BA:7D:7C:3C', '000050', '1');
INSERT INTO `stb_camera_rlt` VALUES ('BC:20:BA:7D:7C:3C', '000051', '1');
INSERT INTO `stb_camera_rlt` VALUES ('BC:20:BA:7D:7C:3C', '000052', '1');
INSERT INTO `stb_camera_rlt` VALUES ('BC:20:BA:7D:7C:3C', '000053', '1');
INSERT INTO `stb_camera_rlt` VALUES ('BC:20:BA:7D:7C:3C', '000054', '1');
INSERT INTO `stb_camera_rlt` VALUES ('BC:20:BA:7D:7C:3C', '000055', '1');
INSERT INTO `stb_camera_rlt` VALUES ('BC:20:BA:7D:7C:3C', '000056', '1');
INSERT INTO `stb_camera_rlt` VALUES ('BC:20:BA:7D:7C:3C', '000057', '1');
INSERT INTO `stb_camera_rlt` VALUES ('BC:20:BA:7D:7C:3C', '000058', '1');
INSERT INTO `stb_camera_rlt` VALUES ('BC:20:BA:7D:7C:3C', '000059', '1');
INSERT INTO `stb_camera_rlt` VALUES ('BC:20:BA:7D:7C:3C', '000060', '1');
INSERT INTO `stb_camera_rlt` VALUES ('BC:20:BA:7D:7C:3C', '000061', '1');
INSERT INTO `stb_camera_rlt` VALUES ('BC:20:BA:7D:7C:3C', '000062', '1');
INSERT INTO `stb_camera_rlt` VALUES ('BC:20:BA:7D:7C:3C', '000063', '1');
INSERT INTO `stb_camera_rlt` VALUES ('BC:20:BA:7D:7C:3C', '000064', '1');
INSERT INTO `stb_camera_rlt` VALUES ('BC:20:BA:7D:7C:3C', '000065', '1');
INSERT INTO `stb_camera_rlt` VALUES ('BC:20:BA:7D:7C:3C', '000066', '1');
INSERT INTO `stb_camera_rlt` VALUES ('BC:20:BA:7D:7C:3C', '000067', '1');
INSERT INTO `stb_camera_rlt` VALUES ('BC:20:BA:7D:7C:3C', '000068', '1');
INSERT INTO `stb_camera_rlt` VALUES ('BC:20:BA:7D:7C:3C', '000069', '1');
INSERT INTO `stb_camera_rlt` VALUES ('BC:20:BA:7D:7C:3C', '000070', '1');
INSERT INTO `stb_camera_rlt` VALUES ('BC:20:BA:7D:7C:3C', '000071', '1');
INSERT INTO `stb_camera_rlt` VALUES ('BC:20:BA:84:E9:8A', '000038', '1');
INSERT INTO `stb_camera_rlt` VALUES ('BC:20:BA:84:E9:8A', '000039', '1');
INSERT INTO `stb_camera_rlt` VALUES ('BC:20:BA:84:E9:8A', '000040', '1');
INSERT INTO `stb_camera_rlt` VALUES ('BC:20:BA:84:E9:8A', '000041', '1');
INSERT INTO `stb_camera_rlt` VALUES ('BC:20:BA:84:E9:8A', '000042', '1');
INSERT INTO `stb_camera_rlt` VALUES ('BC:20:BA:84:E9:8A', '000043', '1');
INSERT INTO `stb_camera_rlt` VALUES ('BC:20:BA:84:E9:8A', '000044', '1');
INSERT INTO `stb_camera_rlt` VALUES ('BC:20:BA:84:E9:8A', '000045', '1');
INSERT INTO `stb_camera_rlt` VALUES ('BC:20:BA:84:E9:8A', '000046', '1');
INSERT INTO `stb_camera_rlt` VALUES ('BC:20:BA:84:E9:8A', '000046', '1');
INSERT INTO `stb_camera_rlt` VALUES ('BC:20:BA:84:E9:8A', '000047', '1');
INSERT INTO `stb_camera_rlt` VALUES ('BC:20:BA:84:E9:8A', '0000109', '1');
INSERT INTO `stb_camera_rlt` VALUES ('BC:20:BA:84:E9:8A', '000110', '1');
INSERT INTO `stb_camera_rlt` VALUES ('BC:20:BA:84:E9:8A', '000111', '1');
INSERT INTO `stb_camera_rlt` VALUES ('BC:20:BA:84:E9:8A', '000112', '1');
INSERT INTO `stb_camera_rlt` VALUES ('BC:20:BA:84:E9:8A', '000113', '1');
INSERT INTO `stb_camera_rlt` VALUES ('BC:20:BA:84:E9:8A', '000114', '1');
INSERT INTO `stb_camera_rlt` VALUES ('BC:20:BA:84:E9:8A', '000115', '1');
INSERT INTO `stb_camera_rlt` VALUES ('BC:20:BA:84:E9:8A', '000116', '1');
INSERT INTO `stb_camera_rlt` VALUES ('BC:20:BA:84:E9:8A', '000117', '1');
INSERT INTO `stb_camera_rlt` VALUES ('BC:20:BA:84:E9:8A', '000118', '1');
INSERT INTO `stb_camera_rlt` VALUES ('BC:20:BA:84:E9:8A', '000119', '1');
INSERT INTO `stb_camera_rlt` VALUES ('BC:20:BA:84:EA:99', '000091', '1');
INSERT INTO `stb_camera_rlt` VALUES ('BC:20:BA:84:EA:99', '000092', '1');
INSERT INTO `stb_camera_rlt` VALUES ('BC:20:BA:84:EA:99', '000093', '1');
INSERT INTO `stb_camera_rlt` VALUES ('BC:20:BA:84:EA:99', '000094', '1');
INSERT INTO `stb_camera_rlt` VALUES ('BC:20:BA:84:EA:99', '000095', '1');
INSERT INTO `stb_camera_rlt` VALUES ('BC:20:BA:84:EA:99', '000096', '1');
INSERT INTO `stb_camera_rlt` VALUES ('BC:20:BA:84:EA:99', '000097', '1');
INSERT INTO `stb_camera_rlt` VALUES ('BC:20:BA:84:EA:99', '000098', '1');
INSERT INTO `stb_camera_rlt` VALUES ('BC:20:BA:84:EA:99', '000099', '1');
INSERT INTO `stb_camera_rlt` VALUES ('BC:20:BA:84:EA:99', '000100', '1');
INSERT INTO `stb_camera_rlt` VALUES ('BC:20:BA:84:EA:99', '000101', '1');
INSERT INTO `stb_camera_rlt` VALUES ('BC:20:BA:84:EA:99', '000102', '1');
INSERT INTO `stb_camera_rlt` VALUES ('BC:20:BA:84:EA:99', '000103', '1');
INSERT INTO `stb_camera_rlt` VALUES ('BC:20:BA:84:EA:99', '000104', '1');
INSERT INTO `stb_camera_rlt` VALUES ('BC:20:BA:84:EA:99', '000105', '1');
INSERT INTO `stb_camera_rlt` VALUES ('BC:20:BA:84:EA:99', '000106', '1');
INSERT INTO `stb_camera_rlt` VALUES ('BC:20:BA:84:EA:99', '000107', '1');
INSERT INTO `stb_camera_rlt` VALUES ('BC:20:BA:84:EA:99', '000108', '1');
INSERT INTO `stb_camera_rlt` VALUES ('BC:20:BA:84:EA:99', '000020', '1');
INSERT INTO `stb_camera_rlt` VALUES ('BC:20:BA:84:EA:99', '000021', '1');
INSERT INTO `stb_camera_rlt` VALUES ('BC:20:BA:84:EA:99', '000022', '1');
INSERT INTO `stb_camera_rlt` VALUES ('BC:20:BA:84:EA:99', '000023', '1');
INSERT INTO `stb_camera_rlt` VALUES ('BC:20:BA:84:EA:99', '000024', '1');
INSERT INTO `stb_camera_rlt` VALUES ('BC:20:BA:84:EA:99', '000025', '1');
INSERT INTO `stb_camera_rlt` VALUES ('BC:20:BA:84:EA:99', '000026', '1');
INSERT INTO `stb_camera_rlt` VALUES ('BC:20:BA:84:EA:99', '000027', '1');
INSERT INTO `stb_camera_rlt` VALUES ('BC:20:BA:84:EA:99', '000028', '1');
INSERT INTO `stb_camera_rlt` VALUES ('BC:20:BA:84:EA:99', '000029', '1');
INSERT INTO `stb_camera_rlt` VALUES ('BC:20:BA:84:EA:99', '000030', '1');
INSERT INTO `stb_camera_rlt` VALUES ('BC:20:BA:84:EA:99', '000031', '1');
INSERT INTO `stb_camera_rlt` VALUES ('BC:20:BA:84:EA:99', '000032', '1');
INSERT INTO `stb_camera_rlt` VALUES ('BC:20:BA:84:EA:99', '000033', '1');
INSERT INTO `stb_camera_rlt` VALUES ('BC:20:BA:84:EA:99', '000034', '1');
INSERT INTO `stb_camera_rlt` VALUES ('BC:20:BA:84:EA:99', '000035', '1');
INSERT INTO `stb_camera_rlt` VALUES ('BC:20:BA:84:EA:99', '000036', '1');
INSERT INTO `stb_camera_rlt` VALUES ('BC:20:BA:84:EA:99', '000037', '1');
INSERT INTO `stb_camera_rlt` VALUES ('BC:20:BA:7D:7B:9E', '00001', '1');
INSERT INTO `stb_camera_rlt` VALUES ('BC:20:BA:7D:7B:9E', '00002', '1');
INSERT INTO `stb_camera_rlt` VALUES ('BC:20:BA:7D:7B:9E', '00003', '1');
INSERT INTO `stb_camera_rlt` VALUES ('BC:20:BA:7D:7B:9E', '00004', '1');
INSERT INTO `stb_camera_rlt` VALUES ('BC:20:BA:7D:7B:9E', '00005', '1');
INSERT INTO `stb_camera_rlt` VALUES ('BC:20:BA:7D:7B:9E', '00006', '1');
INSERT INTO `stb_camera_rlt` VALUES ('BC:20:BA:7D:7B:9E', '00007', '1');
INSERT INTO `stb_camera_rlt` VALUES ('BC:20:BA:7D:7B:9E', '00008', '1');
INSERT INTO `stb_camera_rlt` VALUES ('BC:20:BA:7D:7B:9E', '00009', '1');
INSERT INTO `stb_camera_rlt` VALUES ('BC:20:BA:7D:7B:9E', '000010', '1');
INSERT INTO `stb_camera_rlt` VALUES ('BC:20:BA:7D:7B:9E', '000011', '1');
INSERT INTO `stb_camera_rlt` VALUES ('BC:20:BA:7D:7B:9E', '000012', '1');
INSERT INTO `stb_camera_rlt` VALUES ('BC:20:BA:7D:7B:9E', '000072', '1');
INSERT INTO `stb_camera_rlt` VALUES ('BC:20:BA:7D:7B:9E', '000073', '1');
INSERT INTO `stb_camera_rlt` VALUES ('BC:20:BA:7D:7B:9E', '000074', '1');
INSERT INTO `stb_camera_rlt` VALUES ('BC:20:BA:7D:7B:9E', '000075', '1');
INSERT INTO `stb_camera_rlt` VALUES ('BC:20:BA:7D:7B:9E', '000076', '1');
INSERT INTO `stb_camera_rlt` VALUES ('BC:20:BA:7D:7B:9E', '000077', '1');
INSERT INTO `stb_camera_rlt` VALUES ('BC:20:BA:7D:7B:9E', '000078', '1');
INSERT INTO `stb_camera_rlt` VALUES ('BC:20:BA:7D:7B:9E', '000079', '1');
INSERT INTO `stb_camera_rlt` VALUES ('BC:20:BA:7D:7B:9E', '000080', '1');
INSERT INTO `stb_camera_rlt` VALUES ('BC:20:BA:7D:7B:9E', '000081', '1');
INSERT INTO `stb_camera_rlt` VALUES ('BC:20:BA:7D:7B:9E', '000082', '1');
INSERT INTO `stb_camera_rlt` VALUES ('BC:20:BA:7D:7B:9E', '000083', '1');
INSERT INTO `stb_camera_rlt` VALUES ('BC:20:BA:84:E9:24', '000084', '1');
INSERT INTO `stb_camera_rlt` VALUES ('BC:20:BA:84:E9:24', '000085', '1');
INSERT INTO `stb_camera_rlt` VALUES ('BC:20:BA:84:E9:24', '000086', '1');
INSERT INTO `stb_camera_rlt` VALUES ('BC:20:BA:84:E9:24', '000087', '1');
INSERT INTO `stb_camera_rlt` VALUES ('BC:20:BA:84:E9:24', '000088', '1');
INSERT INTO `stb_camera_rlt` VALUES ('BC:20:BA:84:E9:24', '000089', '1');
INSERT INTO `stb_camera_rlt` VALUES ('BC:20:BA:84:E9:24', '000090', '1');
INSERT INTO `stb_camera_rlt` VALUES ('BC:20:BA:84:E9:24', '000013', '1');
INSERT INTO `stb_camera_rlt` VALUES ('BC:20:BA:84:E9:24', '000014', '1');
INSERT INTO `stb_camera_rlt` VALUES ('BC:20:BA:84:E9:24', '000015', '1');
INSERT INTO `stb_camera_rlt` VALUES ('BC:20:BA:84:E9:24', '000016', '1');
INSERT INTO `stb_camera_rlt` VALUES ('BC:20:BA:84:E9:24', '000017', '1');
INSERT INTO `stb_camera_rlt` VALUES ('BC:20:BA:84:E9:24', '000018', '1');
INSERT INTO `stb_camera_rlt` VALUES ('BC:20:BA:84:E9:24', '000019', '1');
INSERT INTO `stb_camera_rlt` VALUES ('BC:20:BA:7D:7D:0B', '90002', '0');
INSERT INTO `stb_camera_rlt` VALUES ('BC:20:BA:7D:7D:0B', '90003', '0');
INSERT INTO `stb_camera_rlt` VALUES ('BC:20:BA:7D:7D:0B', '99999', '0');
INSERT INTO `stb_camera_rlt` VALUES ('BC:20:BA:84:E8:53', '90002', '0');
INSERT INTO `stb_camera_rlt` VALUES ('BC:20:BA:84:E8:53', '90003', '0');
INSERT INTO `stb_camera_rlt` VALUES ('BC:20:BA:84:E8:53', '99998', '0');
INSERT INTO `stb_camera_rlt` VALUES ('BC:20:BA:84:E8:53', '99999', '0');
INSERT INTO `stb_camera_rlt` VALUES ('BC:20:BA:7D:7C:3C', '90001', '0');
INSERT INTO `stb_camera_rlt` VALUES ('BC:20:BA:7D:7C:3C', '90002', '0');
INSERT INTO `stb_camera_rlt` VALUES ('BC:20:BA:7D:7C:3C', '90003', '0');
INSERT INTO `stb_camera_rlt` VALUES ('BC:20:BA:7D:7C:3C', '99998', '0');
INSERT INTO `stb_camera_rlt` VALUES ('BC:20:BA:7D:7C:3C', '99999', '0');
INSERT INTO `stb_camera_rlt` VALUES ('BC:20:BA:84:E9:8A', '90001', '0');
INSERT INTO `stb_camera_rlt` VALUES ('BC:20:BA:84:E9:8A', '90002', '0');
INSERT INTO `stb_camera_rlt` VALUES ('BC:20:BA:84:E9:8A', '90003', '0');
INSERT INTO `stb_camera_rlt` VALUES ('BC:20:BA:84:E9:8A', '99998', '0');
INSERT INTO `stb_camera_rlt` VALUES ('BC:20:BA:84:E9:8A', '99999', '0');
INSERT INTO `stb_camera_rlt` VALUES ('BC:20:BA:84:EA:99', '90001', '0');
INSERT INTO `stb_camera_rlt` VALUES ('BC:20:BA:84:EA:99', '90002', '0');
INSERT INTO `stb_camera_rlt` VALUES ('BC:20:BA:84:EA:99', '90003', '0');
INSERT INTO `stb_camera_rlt` VALUES ('BC:20:BA:84:EA:99', '99998', '0');
INSERT INTO `stb_camera_rlt` VALUES ('BC:20:BA:84:EA:99', '99999', '0');
INSERT INTO `stb_camera_rlt` VALUES ('BC:20:BA:7D:7B:9E', '90001', '0');
INSERT INTO `stb_camera_rlt` VALUES ('BC:20:BA:7D:7B:9E', '90002', '0');
INSERT INTO `stb_camera_rlt` VALUES ('BC:20:BA:7D:7B:9E', '90003', '0');
INSERT INTO `stb_camera_rlt` VALUES ('BC:20:BA:7D:7B:9E', '99998', '0');
INSERT INTO `stb_camera_rlt` VALUES ('BC:20:BA:7D:7B:9E', '99999', '0');
INSERT INTO `stb_camera_rlt` VALUES ('BC:20:BA:84:E9:24', '90001', '0');
INSERT INTO `stb_camera_rlt` VALUES ('BC:20:BA:84:E9:24', '90002', '0');
INSERT INTO `stb_camera_rlt` VALUES ('BC:20:BA:84:E9:24', '90003', '0');
INSERT INTO `stb_camera_rlt` VALUES ('BC:20:BA:84:E9:24', '99998', '0');
INSERT INTO `stb_camera_rlt` VALUES ('BC:20:BA:84:E9:24', '99999', '0');
INSERT INTO `stb_camera_rlt` VALUES ('BC:20:BA:7D:7D:83', '90001', '0');
INSERT INTO `stb_camera_rlt` VALUES ('BC:20:BA:7D:7D:83', '99998', '0');
INSERT INTO `stb_camera_rlt` VALUES ('BC:20:BA:7D:7D:83', '99999', '0');
INSERT INTO `stb_camera_rlt` VALUES ('BC:20:BA:7D:7D:83', '000051', '1');
INSERT INTO `stb_camera_rlt` VALUES ('BC:20:BA:7D:7C:25', '﻿00001', '1');
INSERT INTO `stb_camera_rlt` VALUES ('BC:20:BA:7D:7C:25', '000010', '1');
INSERT INTO `stb_camera_rlt` VALUES ('BC:20:BA:7D:7C:25', '0000100', '1');
INSERT INTO `stb_camera_rlt` VALUES ('BC:20:BA:7D:7C:25', '0000101', '1');
INSERT INTO `stb_camera_rlt` VALUES ('BC:20:BA:7D:7C:25', '0000102', '1');
INSERT INTO `stb_camera_rlt` VALUES ('BC:20:BA:7D:7C:25', '0000103', '1');
INSERT INTO `stb_camera_rlt` VALUES ('BC:20:BA:7D:7C:25', '0000104', '1');
INSERT INTO `stb_camera_rlt` VALUES ('BC:20:BA:7D:7C:25', '0000105', '1');
INSERT INTO `stb_camera_rlt` VALUES ('BC:20:BA:7D:7C:25', '0000106', '1');
INSERT INTO `stb_camera_rlt` VALUES ('BC:20:BA:7D:7C:25', '0000107', '1');
INSERT INTO `stb_camera_rlt` VALUES ('BC:20:BA:7D:7C:25', '0000108', '1');
INSERT INTO `stb_camera_rlt` VALUES ('BC:20:BA:7D:7C:25', '0000109', '1');
INSERT INTO `stb_camera_rlt` VALUES ('BC:20:BA:7D:7C:25', '000011', '1');
INSERT INTO `stb_camera_rlt` VALUES ('BC:20:BA:7D:7C:25', '0000110', '1');
INSERT INTO `stb_camera_rlt` VALUES ('BC:20:BA:7D:7C:25', '0000112', '1');
INSERT INTO `stb_camera_rlt` VALUES ('BC:20:BA:7D:7C:25', '0000113', '1');
INSERT INTO `stb_camera_rlt` VALUES ('BC:20:BA:7D:7C:25', '0000114', '1');
INSERT INTO `stb_camera_rlt` VALUES ('BC:20:BA:7D:7C:25', '0000116', '1');
INSERT INTO `stb_camera_rlt` VALUES ('BC:20:BA:7D:7C:25', '0000117', '1');
INSERT INTO `stb_camera_rlt` VALUES ('BC:20:BA:7D:7C:25', '0000118', '1');
INSERT INTO `stb_camera_rlt` VALUES ('BC:20:BA:7D:7C:25', '0000119', '1');
INSERT INTO `stb_camera_rlt` VALUES ('BC:20:BA:7D:7C:25', '000012', '1');
INSERT INTO `stb_camera_rlt` VALUES ('BC:20:BA:7D:7C:25', '0000120', '1');
INSERT INTO `stb_camera_rlt` VALUES ('BC:20:BA:7D:7C:25', '0000121', '1');
INSERT INTO `stb_camera_rlt` VALUES ('BC:20:BA:7D:7C:25', '0000122', '1');
INSERT INTO `stb_camera_rlt` VALUES ('BC:20:BA:7D:7C:25', '0000123', '1');
INSERT INTO `stb_camera_rlt` VALUES ('BC:20:BA:7D:7C:25', '0000124', '1');
INSERT INTO `stb_camera_rlt` VALUES ('BC:20:BA:7D:7C:25', '0000125', '1');
INSERT INTO `stb_camera_rlt` VALUES ('BC:20:BA:7D:7C:25', '0000126', '1');
INSERT INTO `stb_camera_rlt` VALUES ('BC:20:BA:7D:7C:25', '0000127', '1');
INSERT INTO `stb_camera_rlt` VALUES ('BC:20:BA:7D:7C:25', '0000128', '1');
INSERT INTO `stb_camera_rlt` VALUES ('BC:20:BA:7D:7C:25', '0000129', '1');
INSERT INTO `stb_camera_rlt` VALUES ('BC:20:BA:7D:7C:25', '000013', '1');
INSERT INTO `stb_camera_rlt` VALUES ('BC:20:BA:7D:7C:25', '0000130', '1');
INSERT INTO `stb_camera_rlt` VALUES ('BC:20:BA:7D:7C:25', '0000131', '1');
INSERT INTO `stb_camera_rlt` VALUES ('BC:20:BA:7D:7C:25', '0000132', '1');
INSERT INTO `stb_camera_rlt` VALUES ('BC:20:BA:7D:7C:25', '0000133', '1');
INSERT INTO `stb_camera_rlt` VALUES ('BC:20:BA:7D:7C:25', '0000134', '1');
INSERT INTO `stb_camera_rlt` VALUES ('BC:20:BA:7D:7C:25', '0000135', '1');
INSERT INTO `stb_camera_rlt` VALUES ('BC:20:BA:7D:7C:25', '0000136', '1');
INSERT INTO `stb_camera_rlt` VALUES ('BC:20:BA:7D:7C:25', '0000137', '1');
INSERT INTO `stb_camera_rlt` VALUES ('BC:20:BA:7D:7C:25', '0000138', '1');
INSERT INTO `stb_camera_rlt` VALUES ('BC:20:BA:7D:7C:25', '0000139', '1');
INSERT INTO `stb_camera_rlt` VALUES ('BC:20:BA:7D:7C:25', '000014', '1');
INSERT INTO `stb_camera_rlt` VALUES ('BC:20:BA:7D:7C:25', '0000140', '1');
INSERT INTO `stb_camera_rlt` VALUES ('BC:20:BA:7D:7C:25', '0000141', '1');
INSERT INTO `stb_camera_rlt` VALUES ('BC:20:BA:7D:7C:25', '0000142', '1');
INSERT INTO `stb_camera_rlt` VALUES ('BC:20:BA:7D:7C:25', '0000143', '1');
INSERT INTO `stb_camera_rlt` VALUES ('BC:20:BA:7D:7C:25', '0000144', '1');
INSERT INTO `stb_camera_rlt` VALUES ('BC:20:BA:7D:7C:25', '000015', '1');
INSERT INTO `stb_camera_rlt` VALUES ('BC:20:BA:7D:7C:25', '000016', '1');
INSERT INTO `stb_camera_rlt` VALUES ('BC:20:BA:7D:7C:25', '000017', '1');
INSERT INTO `stb_camera_rlt` VALUES ('BC:20:BA:7D:7C:25', '000018', '1');
INSERT INTO `stb_camera_rlt` VALUES ('BC:20:BA:7D:7C:25', '000019', '1');
INSERT INTO `stb_camera_rlt` VALUES ('BC:20:BA:7D:7C:25', '00002', '1');
INSERT INTO `stb_camera_rlt` VALUES ('BC:20:BA:7D:7C:25', '000020', '1');
INSERT INTO `stb_camera_rlt` VALUES ('BC:20:BA:7D:7C:25', '000021', '1');
INSERT INTO `stb_camera_rlt` VALUES ('BC:20:BA:7D:7C:25', '000022', '1');
INSERT INTO `stb_camera_rlt` VALUES ('BC:20:BA:7D:7C:25', '000023', '1');
INSERT INTO `stb_camera_rlt` VALUES ('BC:20:BA:7D:7C:25', '000024', '1');
INSERT INTO `stb_camera_rlt` VALUES ('BC:20:BA:7D:7C:25', '000025', '1');
INSERT INTO `stb_camera_rlt` VALUES ('BC:20:BA:7D:7C:25', '000026', '1');
INSERT INTO `stb_camera_rlt` VALUES ('BC:20:BA:7D:7C:25', '000027', '1');
INSERT INTO `stb_camera_rlt` VALUES ('BC:20:BA:7D:7C:25', '000028', '1');
INSERT INTO `stb_camera_rlt` VALUES ('BC:20:BA:7D:7C:25', '000029', '1');
INSERT INTO `stb_camera_rlt` VALUES ('BC:20:BA:7D:7C:25', '00003', '1');
INSERT INTO `stb_camera_rlt` VALUES ('BC:20:BA:7D:7C:25', '000030', '1');
INSERT INTO `stb_camera_rlt` VALUES ('BC:20:BA:7D:7C:25', '000031', '1');
INSERT INTO `stb_camera_rlt` VALUES ('BC:20:BA:7D:7C:25', '000032', '1');
INSERT INTO `stb_camera_rlt` VALUES ('BC:20:BA:7D:7C:25', '000033', '1');
INSERT INTO `stb_camera_rlt` VALUES ('BC:20:BA:7D:7C:25', '000034', '1');
INSERT INTO `stb_camera_rlt` VALUES ('BC:20:BA:7D:7C:25', '000035', '1');
INSERT INTO `stb_camera_rlt` VALUES ('BC:20:BA:7D:7C:25', '000036', '1');
INSERT INTO `stb_camera_rlt` VALUES ('BC:20:BA:7D:7C:25', '000037', '1');
INSERT INTO `stb_camera_rlt` VALUES ('BC:20:BA:7D:7C:25', '000038', '1');
INSERT INTO `stb_camera_rlt` VALUES ('BC:20:BA:7D:7C:25', '000039', '1');
INSERT INTO `stb_camera_rlt` VALUES ('BC:20:BA:7D:7C:25', '000040', '1');
INSERT INTO `stb_camera_rlt` VALUES ('BC:20:BA:7D:7C:25', '000041', '1');
INSERT INTO `stb_camera_rlt` VALUES ('BC:20:BA:7D:7C:25', '000042', '1');
INSERT INTO `stb_camera_rlt` VALUES ('BC:20:BA:7D:7C:25', '000043', '1');
INSERT INTO `stb_camera_rlt` VALUES ('BC:20:BA:7D:7C:25', '000044', '1');
INSERT INTO `stb_camera_rlt` VALUES ('BC:20:BA:7D:7C:25', '000045', '1');
INSERT INTO `stb_camera_rlt` VALUES ('BC:20:BA:7D:7C:25', '000046', '1');
INSERT INTO `stb_camera_rlt` VALUES ('BC:20:BA:7D:7C:25', '000047', '1');
INSERT INTO `stb_camera_rlt` VALUES ('BC:20:BA:7D:7C:25', '000048', '1');
INSERT INTO `stb_camera_rlt` VALUES ('BC:20:BA:7D:7C:25', '000049', '1');
INSERT INTO `stb_camera_rlt` VALUES ('BC:20:BA:7D:7C:25', '00005', '1');
INSERT INTO `stb_camera_rlt` VALUES ('BC:20:BA:7D:7C:25', '000050', '1');
INSERT INTO `stb_camera_rlt` VALUES ('BC:20:BA:7D:7C:25', '000051', '1');
INSERT INTO `stb_camera_rlt` VALUES ('BC:20:BA:7D:7C:25', '000052', '1');
INSERT INTO `stb_camera_rlt` VALUES ('BC:20:BA:7D:7C:25', '000053', '1');
INSERT INTO `stb_camera_rlt` VALUES ('BC:20:BA:7D:7C:25', '000054', '1');
INSERT INTO `stb_camera_rlt` VALUES ('BC:20:BA:7D:7C:25', '000055', '1');
INSERT INTO `stb_camera_rlt` VALUES ('BC:20:BA:7D:7C:25', '000056', '1');
INSERT INTO `stb_camera_rlt` VALUES ('BC:20:BA:7D:7C:25', '000057', '1');
INSERT INTO `stb_camera_rlt` VALUES ('BC:20:BA:7D:7C:25', '000058', '1');
INSERT INTO `stb_camera_rlt` VALUES ('BC:20:BA:7D:7C:25', '000059', '1');
INSERT INTO `stb_camera_rlt` VALUES ('BC:20:BA:7D:7C:25', '00006', '1');
INSERT INTO `stb_camera_rlt` VALUES ('BC:20:BA:7D:7C:25', '000060', '1');
INSERT INTO `stb_camera_rlt` VALUES ('BC:20:BA:7D:7C:25', '000061', '1');
INSERT INTO `stb_camera_rlt` VALUES ('BC:20:BA:7D:7C:25', '000062', '1');
INSERT INTO `stb_camera_rlt` VALUES ('BC:20:BA:7D:7C:25', '000063', '1');
INSERT INTO `stb_camera_rlt` VALUES ('BC:20:BA:7D:7C:25', '000064', '1');
INSERT INTO `stb_camera_rlt` VALUES ('BC:20:BA:7D:7C:25', '000065', '1');
INSERT INTO `stb_camera_rlt` VALUES ('BC:20:BA:7D:7C:25', '000066', '1');
INSERT INTO `stb_camera_rlt` VALUES ('BC:20:BA:7D:7C:25', '000067', '1');
INSERT INTO `stb_camera_rlt` VALUES ('BC:20:BA:7D:7C:25', '000068', '1');
INSERT INTO `stb_camera_rlt` VALUES ('BC:20:BA:7D:7C:25', '000069', '1');
INSERT INTO `stb_camera_rlt` VALUES ('BC:20:BA:7D:7C:25', '00007', '1');
INSERT INTO `stb_camera_rlt` VALUES ('BC:20:BA:7D:7C:25', '000070', '1');
INSERT INTO `stb_camera_rlt` VALUES ('BC:20:BA:7D:7C:25', '000071', '1');
INSERT INTO `stb_camera_rlt` VALUES ('BC:20:BA:7D:7C:25', '000072', '1');
INSERT INTO `stb_camera_rlt` VALUES ('BC:20:BA:7D:7C:25', '000073', '1');
INSERT INTO `stb_camera_rlt` VALUES ('BC:20:BA:7D:7C:25', '000074', '1');
INSERT INTO `stb_camera_rlt` VALUES ('BC:20:BA:7D:7C:25', '000075', '1');
INSERT INTO `stb_camera_rlt` VALUES ('BC:20:BA:7D:7C:25', '000076', '1');
INSERT INTO `stb_camera_rlt` VALUES ('BC:20:BA:7D:7C:25', '000077', '1');
INSERT INTO `stb_camera_rlt` VALUES ('BC:20:BA:7D:7C:25', '000078', '1');
INSERT INTO `stb_camera_rlt` VALUES ('BC:20:BA:7D:7C:25', '000079', '1');
INSERT INTO `stb_camera_rlt` VALUES ('BC:20:BA:7D:7C:25', '00008', '1');
INSERT INTO `stb_camera_rlt` VALUES ('BC:20:BA:7D:7C:25', '000080', '1');
INSERT INTO `stb_camera_rlt` VALUES ('BC:20:BA:7D:7C:25', '000081', '1');
INSERT INTO `stb_camera_rlt` VALUES ('BC:20:BA:7D:7C:25', '000082', '1');
INSERT INTO `stb_camera_rlt` VALUES ('BC:20:BA:7D:7C:25', '000083', '1');
INSERT INTO `stb_camera_rlt` VALUES ('BC:20:BA:7D:7C:25', '000084', '1');
INSERT INTO `stb_camera_rlt` VALUES ('BC:20:BA:7D:7C:25', '000085', '1');
INSERT INTO `stb_camera_rlt` VALUES ('BC:20:BA:7D:7C:25', '000086', '1');
INSERT INTO `stb_camera_rlt` VALUES ('BC:20:BA:7D:7C:25', '000087', '1');
INSERT INTO `stb_camera_rlt` VALUES ('BC:20:BA:7D:7C:25', '000088', '1');
INSERT INTO `stb_camera_rlt` VALUES ('BC:20:BA:7D:7C:25', '000089', '1');
INSERT INTO `stb_camera_rlt` VALUES ('BC:20:BA:7D:7C:25', '00009', '1');
INSERT INTO `stb_camera_rlt` VALUES ('BC:20:BA:7D:7C:25', '000090', '1');
INSERT INTO `stb_camera_rlt` VALUES ('BC:20:BA:7D:7C:25', '000091', '1');
INSERT INTO `stb_camera_rlt` VALUES ('BC:20:BA:7D:7C:25', '000092', '1');
INSERT INTO `stb_camera_rlt` VALUES ('BC:20:BA:7D:7C:25', '000093', '1');
INSERT INTO `stb_camera_rlt` VALUES ('BC:20:BA:7D:7C:25', '000094', '1');
INSERT INTO `stb_camera_rlt` VALUES ('BC:20:BA:7D:7C:25', '000095', '1');
INSERT INTO `stb_camera_rlt` VALUES ('BC:20:BA:7D:7C:25', '000096', '1');
INSERT INTO `stb_camera_rlt` VALUES ('BC:20:BA:7D:7C:25', '000097', '1');
INSERT INTO `stb_camera_rlt` VALUES ('BC:20:BA:7D:7C:25', '000098', '1');
INSERT INTO `stb_camera_rlt` VALUES ('BC:20:BA:7D:7C:25', '000099', '1');
INSERT INTO `stb_camera_rlt` VALUES ('BC:20:BA:7D:7C:25', '90001', '0');
INSERT INTO `stb_camera_rlt` VALUES ('BC:20:BA:7D:7C:25', '90002', '0');
INSERT INTO `stb_camera_rlt` VALUES ('BC:20:BA:7D:7C:25', '90003', '0');
INSERT INTO `stb_camera_rlt` VALUES ('BC:20:BA:7D:7C:25', '99998', '0');
INSERT INTO `stb_camera_rlt` VALUES ('BC:20:BA:7D:7C:25', '99999', '0');
INSERT INTO `stb_camera_rlt` VALUES ('BC:20:BA:84:EA:99', '000104', '1');
INSERT INTO `stb_camera_rlt` VALUES ('BC:20:BA:84:EA:99', '000105', '1');
INSERT INTO `stb_camera_rlt` VALUES ('BC:20:BA:84:EA:99', '90001', '0');
INSERT INTO `stb_camera_rlt` VALUES ('BC:20:BA:84:EA:99', '99998', '0');
INSERT INTO `stb_camera_rlt` VALUES ('BC:20:BA:84:E9:8A', '000106', '1');
INSERT INTO `stb_camera_rlt` VALUES ('BC:20:BA:84:E9:8A', '000107', '1');
INSERT INTO `stb_camera_rlt` VALUES ('BC:20:BA:84:E9:8A', '90001', '0');
INSERT INTO `stb_camera_rlt` VALUES ('BC:20:BA:84:E9:8A', '99998', '0');
INSERT INTO `stb_camera_rlt` VALUES ('BC:20:BA:7D:7C:3C', '0000120', '1');
INSERT INTO `stb_camera_rlt` VALUES ('BC:20:BA:7D:7C:3C', '000108', '1');
INSERT INTO `stb_camera_rlt` VALUES ('BC:20:BA:7D:7C:3C', '90001', '0');
INSERT INTO `stb_camera_rlt` VALUES ('BC:20:BA:7D:7C:3C', '99998', '0');
INSERT INTO `stb_camera_rlt` VALUES ('BC:20:BA:7D:7D:0B', '0000120', '1');
INSERT INTO `stb_camera_rlt` VALUES ('BC:20:BA:7D:7D:0B', '000100', '1');
INSERT INTO `stb_camera_rlt` VALUES ('BC:20:BA:7D:7D:0B', '000101', '1');
INSERT INTO `stb_camera_rlt` VALUES ('BC:20:BA:7D:7D:0B', '000102', '1');
INSERT INTO `stb_camera_rlt` VALUES ('BC:20:BA:7D:7D:0B', '000103', '1');
INSERT INTO `stb_camera_rlt` VALUES ('BC:20:BA:7D:7D:0B', '000104', '1');
INSERT INTO `stb_camera_rlt` VALUES ('BC:20:BA:7D:7D:0B', '000105', '1');
INSERT INTO `stb_camera_rlt` VALUES ('BC:20:BA:7D:7D:0B', '000106', '1');
INSERT INTO `stb_camera_rlt` VALUES ('BC:20:BA:7D:7D:0B', '000107', '1');
INSERT INTO `stb_camera_rlt` VALUES ('BC:20:BA:7D:7D:0B', '000108', '1');
INSERT INTO `stb_camera_rlt` VALUES ('BC:20:BA:7D:7D:0B', '90001', '0');
INSERT INTO `stb_camera_rlt` VALUES ('BC:20:BA:7D:7D:0B', '99998', '0');
INSERT INTO `stb_camera_rlt` VALUES ('BC:20:BA:84:E8:53', '0000120', '1');
INSERT INTO `stb_camera_rlt` VALUES ('BC:20:BA:84:E8:53', '000100', '1');
INSERT INTO `stb_camera_rlt` VALUES ('BC:20:BA:84:E8:53', '000101', '1');
INSERT INTO `stb_camera_rlt` VALUES ('BC:20:BA:84:E8:53', '000102', '1');
INSERT INTO `stb_camera_rlt` VALUES ('BC:20:BA:84:E8:53', '000103', '1');
INSERT INTO `stb_camera_rlt` VALUES ('BC:20:BA:84:E8:53', '000104', '1');
INSERT INTO `stb_camera_rlt` VALUES ('BC:20:BA:84:E8:53', '000105', '1');
INSERT INTO `stb_camera_rlt` VALUES ('BC:20:BA:84:E8:53', '000106', '1');
INSERT INTO `stb_camera_rlt` VALUES ('BC:20:BA:84:E8:53', '000107', '1');
INSERT INTO `stb_camera_rlt` VALUES ('BC:20:BA:84:E8:53', '000108', '1');
INSERT INTO `stb_camera_rlt` VALUES ('BC:20:BA:84:E8:53', '90001', '0');
INSERT INTO `stb_camera_rlt` VALUES ('BC:20:BA:84:E8:53', '99998', '0');
INSERT INTO `stb_camera_rlt` VALUES ('BC:20:BA:7D:7C:25', '000157', '1');
INSERT INTO `stb_camera_rlt` VALUES ('BC:20:BA:7D:7C:25', '0000158', '1');
INSERT INTO `stb_camera_rlt` VALUES ('BC:20:BA:84:E8:FA', '90001', '0');
INSERT INTO `stb_camera_rlt` VALUES ('BC:20:BA:84:E8:FA', '90002', '0');
INSERT INTO `stb_camera_rlt` VALUES ('BC:20:BA:84:E8:FA', '90003', '0');
INSERT INTO `stb_camera_rlt` VALUES ('BC:20:BA:84:E8:FA', '99998', '0');
INSERT INTO `stb_camera_rlt` VALUES ('a089e4dc0e9d', '00001', '1');
INSERT INTO `stb_camera_rlt` VALUES ('a089e4dc0e9d', '0010', '1');
INSERT INTO `stb_camera_rlt` VALUES ('a089e4dc0e9d', '90001', '0');
INSERT INTO `stb_camera_rlt` VALUES ('a089e4dc0e9d', '90002', '0');
INSERT INTO `stb_camera_rlt` VALUES ('a089e4dc0e9d', '90003', '0');
INSERT INTO `stb_camera_rlt` VALUES ('a089e4dc0e9d', '99998', '0');
INSERT INTO `stb_camera_rlt` VALUES ('a089e4dc0e9d', '0000100', '1');
INSERT INTO `stb_camera_rlt` VALUES ('a089e4dc0e9d', '0000121', '1');
INSERT INTO `stb_camera_rlt` VALUES ('a089e4dc0e9d', '0000122', '1');
INSERT INTO `stb_camera_rlt` VALUES ('a089e4dc0e9d', '0000123', '1');
INSERT INTO `stb_camera_rlt` VALUES ('a089e4dc0e9d', '0000124', '1');
INSERT INTO `stb_camera_rlt` VALUES ('a089e4dc0e9d', '0000125', '1');

-- ----------------------------
-- Table structure for `stb_info`
-- ----------------------------
DROP TABLE IF EXISTS `stb_info`;
CREATE TABLE `stb_info` (
  `stbno` varchar(20) NOT NULL COMMENT '机顶盒编号',
  `villageid` varchar(20) DEFAULT NULL COMMENT '村编号',
  `remerk` varchar(200) DEFAULT NULL,
  PRIMARY KEY (`stbno`)
) ENGINE=InnoDB DEFAULT CHARSET=utf8;

-- ----------------------------
-- Records of stb_info
-- ----------------------------
INSERT INTO `stb_info` VALUES ('a089e4dc0e9d', '1000001', '六个党建');
INSERT INTO `stb_info` VALUES ('BC:20:BA:72:87:2F', '003025', '柯庄');
INSERT INTO `stb_info` VALUES ('BC:20:BA:72:87:30', '013007', '吴楼');
INSERT INTO `stb_info` VALUES ('BC:20:BA:72:87:35', '013015', '吕那里');
INSERT INTO `stb_info` VALUES ('BC:20:BA:72:87:59', '003003', '芦里');
INSERT INTO `stb_info` VALUES ('BC:20:BA:72:87:5F', '003005', '杨营');
INSERT INTO `stb_info` VALUES ('BC:20:BA:72:87:63', '002015', '张水坑');
INSERT INTO `stb_info` VALUES ('BC:20:BA:72:87:65', '002008', '侯道沟');
INSERT INTO `stb_info` VALUES ('BC:20:BA:72:87:67', '002010', '五里庙');
INSERT INTO `stb_info` VALUES ('BC:20:BA:72:87:68', '013008', '河西');
INSERT INTO `stb_info` VALUES ('BC:20:BA:72:87:69', '013003', '西小吴');
INSERT INTO `stb_info` VALUES ('BC:20:BA:72:87:6C', '013004', '于楼');
INSERT INTO `stb_info` VALUES ('BC:20:BA:72:87:74', '013019', '西张庄');
INSERT INTO `stb_info` VALUES ('BC:20:BA:72:87:76', '013014', '包那里');
INSERT INTO `stb_info` VALUES ('BC:20:BA:72:87:77', '002014', '前李庄');
INSERT INTO `stb_info` VALUES ('BC:20:BA:72:87:79', '002006', '李庄');
INSERT INTO `stb_info` VALUES ('BC:20:BA:72:87:7B', '002004', '郭金台');
INSERT INTO `stb_info` VALUES ('BC:20:BA:72:B7:60', '002007', '野猪淖');
INSERT INTO `stb_info` VALUES ('BC:20:BA:7D:7B:9E', '002001', '杨营镇');
INSERT INTO `stb_info` VALUES ('BC:20:BA:7D:7C:01', '013013', '毛庄');
INSERT INTO `stb_info` VALUES ('BC:20:BA:7D:7C:1C', '006024', '红庙');
INSERT INTO `stb_info` VALUES ('BC:20:BA:7D:7C:1E', '006021', '东田店');
INSERT INTO `stb_info` VALUES ('BC:20:BA:7D:7C:22', '003010', '辛兴屯');
INSERT INTO `stb_info` VALUES ('BC:20:BA:7D:7C:25', '1000000', '组织部会议室');
INSERT INTO `stb_info` VALUES ('BC:20:BA:7D:7C:27', '003002', '马营');
INSERT INTO `stb_info` VALUES ('BC:20:BA:7D:7C:29', '006028', '小营');
INSERT INTO `stb_info` VALUES ('BC:20:BA:7D:7C:30', '006008', '东尚庄');
INSERT INTO `stb_info` VALUES ('BC:20:BA:7D:7C:37', '003014', '江屯');
INSERT INTO `stb_info` VALUES ('BC:20:BA:7D:7C:3B', '003007', '赵坝');
INSERT INTO `stb_info` VALUES ('BC:20:BA:7D:7C:3C', '003001', '马营乡');
INSERT INTO `stb_info` VALUES ('BC:20:BA:7D:7D:0B', '002005', '南小吴');
INSERT INTO `stb_info` VALUES ('BC:20:BA:84:E8:15', '002013', '大吴');
INSERT INTO `stb_info` VALUES ('BC:20:BA:84:E8:16', '002012', '丁庄');
INSERT INTO `stb_info` VALUES ('BC:20:BA:84:E8:19', '002011', '曹庄');
INSERT INTO `stb_info` VALUES ('BC:20:BA:84:E8:4E', '003012', '南穆屯');
INSERT INTO `stb_info` VALUES ('BC:20:BA:84:E8:53', '1000000', '组织部');
INSERT INTO `stb_info` VALUES ('BC:20:BA:84:E8:FA', '002002', '郑楼村');
INSERT INTO `stb_info` VALUES ('BC:20:BA:84:E9:24', '006001', '管驿镇');
INSERT INTO `stb_info` VALUES ('BC:20:BA:84:E9:8A', '015001', '开发区');
INSERT INTO `stb_info` VALUES ('BC:20:BA:84:E9:97', '006015', '东郝庄');
INSERT INTO `stb_info` VALUES ('BC:20:BA:84:E9:BC', '002003', '东张庄');
INSERT INTO `stb_info` VALUES ('BC:20:BA:84:E9:C01', '003009', '杜庄');
INSERT INTO `stb_info` VALUES ('BC:20:BA:84:E9:C9', '003004', '曹庙');
INSERT INTO `stb_info` VALUES ('BC:20:BA:84:E9:CD', '003016', '许庄');
INSERT INTO `stb_info` VALUES ('BC:20:BA:84:E9:CE', '015009', '孙庄');
INSERT INTO `stb_info` VALUES ('BC:20:BA:84:E9:DA', '003011', '倪楼');
INSERT INTO `stb_info` VALUES ('BC:20:BA:84:E9:F1', '003020', '宋庄');
INSERT INTO `stb_info` VALUES ('BC:20:BA:84:E9:F5', '015007', '陈营村');
INSERT INTO `stb_info` VALUES ('BC:20:BA:84:E9:FD', '003006', '杨屯');
INSERT INTO `stb_info` VALUES ('BC:20:BA:84:EA:31', '013012', '师庄');
INSERT INTO `stb_info` VALUES ('BC:20:BA:84:EA:3A', '015005', '太平王');
INSERT INTO `stb_info` VALUES ('BC:20:BA:84:EA:44', '003018', '胡屯');
INSERT INTO `stb_info` VALUES ('BC:20:BA:84:EA:46', '013005', '义和庄');
INSERT INTO `stb_info` VALUES ('BC:20:BA:84:EA:48', '003017', '吴垓');
INSERT INTO `stb_info` VALUES ('BC:20:BA:84:EA:49', '013010', '祝庄');
INSERT INTO `stb_info` VALUES ('BC:20:BA:84:EA:53', '015008', '东丁庄');
INSERT INTO `stb_info` VALUES ('BC:20:BA:84:EA:55', '003022', '东李庄');
INSERT INTO `stb_info` VALUES ('BC:20:BA:84:EA:58', '003021', '胡坑');
INSERT INTO `stb_info` VALUES ('BC:20:BA:84:EA:5B', '003019', '鲍垓');
INSERT INTO `stb_info` VALUES ('BC:20:BA:84:EA:5C', '003023', '张飞垓');
INSERT INTO `stb_info` VALUES ('BC:20:BA:84:EA:5F', '003008', '郝庄');
INSERT INTO `stb_info` VALUES ('BC:20:BA:84:EA:63', '006003', '轩庄');
INSERT INTO `stb_info` VALUES ('BC:20:BA:84:EA:69', '015004', '太平集');
INSERT INTO `stb_info` VALUES ('BC:20:BA:84:EA:6D', '015011', '刘仙庄');
INSERT INTO `stb_info` VALUES ('BC:20:BA:84:EA:72', '015010', '西张庄');
INSERT INTO `stb_info` VALUES ('BC:20:BA:84:EA:77', '003013', '北穆屯');
INSERT INTO `stb_info` VALUES ('BC:20:BA:84:EA:84', '013011', '东郭');
INSERT INTO `stb_info` VALUES ('BC:20:BA:84:EA:89', '013018', '姚垓');
INSERT INTO `stb_info` VALUES ('BC:20:BA:84:EA:8C', '003015', '王楼');
INSERT INTO `stb_info` VALUES ('BC:20:BA:84:EA:8F', '013016', '闫集');
INSERT INTO `stb_info` VALUES ('BC:20:BA:84:EA:90', '006027', '大营');
INSERT INTO `stb_info` VALUES ('BC:20:BA:84:EA:93', '013002', '黑虎庙');
INSERT INTO `stb_info` VALUES ('BC:20:BA:84:EA:99', '013001', '黑虎庙镇');
INSERT INTO `stb_info` VALUES ('BC:20:BA:84:EA:A0', '013009', '黑北');
INSERT INTO `stb_info` VALUES ('BC:20:BA:84:EA:A2', '013017', '杨桥');
INSERT INTO `stb_info` VALUES ('BC:20:BA:84:EA:A9', '003024', '薛屯');
INSERT INTO `stb_info` VALUES ('BC:20:BA:84:EA:AB', '015006', '洼李');
INSERT INTO `stb_info` VALUES ('BC:20:BA:84:EA:B1', '013006', '程那里');
INSERT INTO `stb_info` VALUES ('BC:20:BA:84:EA:B5', '015002', '良福村');

-- ----------------------------
-- Table structure for `town_info`
-- ----------------------------
DROP TABLE IF EXISTS `town_info`;
CREATE TABLE `town_info` (
  `townid` varchar(20) NOT NULL COMMENT '镇编号',
  `townname` varchar(60) NOT NULL COMMENT '镇名称',
  `townkeyvalue` varchar(20) DEFAULT NULL COMMENT '镇对应到智慧城市栏目的key值',
  PRIMARY KEY (`townid`)
) ENGINE=InnoDB DEFAULT CHARSET=utf8;

-- ----------------------------
-- Records of town_info
-- ----------------------------
INSERT INTO `town_info` VALUES ('001', '梁山街道', null);
INSERT INTO `town_info` VALUES ('002', '水泊街道', null);
INSERT INTO `town_info` VALUES ('003', '马营镇', null);
INSERT INTO `town_info` VALUES ('004', '寿张集镇', null);
INSERT INTO `town_info` VALUES ('005', '小安山镇', null);
INSERT INTO `town_info` VALUES ('006', '馆驿镇', null);
INSERT INTO `town_info` VALUES ('007', '韩岗镇', null);
INSERT INTO `town_info` VALUES ('008', '韩垓镇', null);
INSERT INTO `town_info` VALUES ('009', '拳铺镇', null);
INSERT INTO `town_info` VALUES ('010', '大路口乡', null);
INSERT INTO `town_info` VALUES ('011', '小路口镇', null);
INSERT INTO `town_info` VALUES ('012', '赵堌堆乡', null);
INSERT INTO `town_info` VALUES ('013', '黑虎庙镇', null);
INSERT INTO `town_info` VALUES ('014', '杨营镇', null);
INSERT INTO `town_info` VALUES ('015', '开发区', null);

-- ----------------------------
-- Table structure for `video`
-- ----------------------------
DROP TABLE IF EXISTS `video`;
CREATE TABLE `video` (
  `id` varchar(100) NOT NULL,
  `starttime` datetime DEFAULT NULL,
  `endtime` datetime DEFAULT NULL,
  `camerano` varchar(45) DEFAULT NULL,
  `taskid` varchar(45) DEFAULT NULL,
  `download_url` varchar(45) DEFAULT NULL,
  `play_url` varchar(45) DEFAULT NULL,
  `duration` varchar(45) DEFAULT NULL,
  PRIMARY KEY (`id`)
) ENGINE=MyISAM DEFAULT CHARSET=utf8;

-- ----------------------------
-- Records of video
-- ----------------------------
INSERT INTO `video` VALUES ('ddfe78dd-efad-4c08-bd19-7dff5d150623', '2015-11-24 15:08:38', '2015-11-24 15:06:07', '0000011', 'FniUzClo', '/record/201511/24/FniUzClo/FniUzClo.mp4', '/record/201511/24/FniUzClo/FniUzClo.m3u8', '49');
INSERT INTO `video` VALUES ('ad4be4c3-301a-41dc-bfe6-4dcdcfb18ee1', '2015-11-24 15:22:02', '2015-11-24 15:32:21', '0000011', 'bhYhxpmI', '/record/201511/24/bhYhxpmI/bhYhxpmI.mp4', '/record/201511/24/bhYhxpmI/bhYhxpmI.m3u8', '1');
INSERT INTO `video` VALUES ('89220e8a-e3bc-41b4-85d5-28ad4b9eac4a', '2015-11-24 16:25:26', '2015-11-24 16:25:29', '0000011', '8OiY8tir', '/record/201511/24/8OiY8tir/8OiY8tir.mp4', '/record/201511/24/8OiY8tir/8OiY8tir.m3u8', '3');
INSERT INTO `video` VALUES ('74143148-8815-4a95-aa9e-33bc5d1e244b', '2015-11-24 15:07:35', '2015-11-24 15:03:01', '0000011', 'CROmuDIo', '/record/201511/24/CROmuDIo/CROmuDIo.mp4', '/record/201511/24/CROmuDIo/CROmuDIo.m3u8', '1');
INSERT INTO `video` VALUES ('fa20c681-a928-447d-80c1-7ba24a0d1e5a', '2015-12-07 20:36:05', '2015-12-09 09:11:24', '0000011', 'WvIPjwbW', '/record/201512/07/WvIPjwbW/WvIPjwbW.mp4', '/record/201512/07/WvIPjwbW/WvIPjwbW.m3u8', '131719');
INSERT INTO `video` VALUES ('c81cb366-5b49-4f9d-8809-9ca241817d41', '2015-12-15 00:59:04', '2015-12-15 00:59:14', '00003', 'cnjNQTML', '/record/201512/15/cnjNQTML/cnjNQTML.mp4', '/record/201512/15/cnjNQTML/cnjNQTML.m3u8', '10');
INSERT INTO `video` VALUES ('ad25b429-a50c-4f13-bf11-4fd2d02dc6a5', '2015-12-15 16:18:23', '2015-12-15 16:18:49', '0000113', 'ucyBCHeS', '/record/201512/15/ucyBCHeS/ucyBCHeS.mp4', '/record/201512/15/ucyBCHeS/ucyBCHeS.m3u8', '26');
INSERT INTO `video` VALUES ('c944068d-31e9-4575-8a76-92a6840dd673', '2015-12-15 16:08:44', '2015-12-15 16:09:30', '0000113', 'XbHTJNzl', '/record/201512/15/XbHTJNzl/XbHTJNzl.mp4', '/record/201512/15/XbHTJNzl/XbHTJNzl.m3u8', '46');
INSERT INTO `video` VALUES ('a95b4344-7d90-42df-88af-ce1bf4754f27', '2015-12-15 16:32:03', '2015-12-15 16:35:50', '0000113', 'KJ6jZUM3', '/record/201512/15/KJ6jZUM3/KJ6jZUM3.mp4', '/record/201512/15/KJ6jZUM3/KJ6jZUM3.m3u8', '227');
INSERT INTO `video` VALUES ('01ffda83-7004-4385-a6a3-4fd16d9c8a26', '2015-12-16 08:28:40', '2015-12-16 08:29:09', '0000144', 'KvaGJBme', '/record/201512/16/KvaGJBme/KvaGJBme.mp4', '/record/201512/16/KvaGJBme/KvaGJBme.m3u8', '29');
INSERT INTO `video` VALUES ('6de6a835-8199-40b4-b834-ef2945da7a95', '2015-12-17 14:31:20', '2015-12-17 14:32:26', '0000109', 'W0TyWxK8', '/record/201512/17/W0TyWxK8/W0TyWxK8.mp4', '/record/201512/17/W0TyWxK8/W0TyWxK8.m3u8', '66');
INSERT INTO `video` VALUES ('d87405b1-5cc6-4781-bc35-029d43f9ffb9', '2015-12-17 14:43:44', '2015-12-17 14:44:04', '000074', 'T4lvKRRD', '/record/201512/17/T4lvKRRD/T4lvKRRD.mp4', '/record/201512/17/T4lvKRRD/T4lvKRRD.m3u8', '20');
INSERT INTO `video` VALUES ('eceb0135-1758-431c-b263-4bbd42539f23', '2015-12-17 14:45:30', '2015-12-17 16:08:58', '0000109', 'y68jaHFM', '/record/201512/17/y68jaHFM/y68jaHFM.mp4', '/record/201512/17/y68jaHFM/y68jaHFM.m3u8', '5008');
INSERT INTO `video` VALUES ('d0172854-7486-47d5-9634-33dc69987165', '2015-12-17 14:44:50', '2015-12-17 18:16:14', '0000109', 'SZU705Ha', '/record/201512/17/SZU705Ha/SZU705Ha.mp4', '/record/201512/17/SZU705Ha/SZU705Ha.m3u8', '12684');
INSERT INTO `video` VALUES ('5fe09178-2f79-4fb5-87b0-d47b2cc263c3', '2015-12-17 14:51:14', '2015-12-17 18:23:26', '0000109', 'X6mbUQHq', '/record/201512/17/X6mbUQHq/X6mbUQHq.mp4', '/record/201512/17/X6mbUQHq/X6mbUQHq.m3u8', '12732');
INSERT INTO `video` VALUES ('3215d15d-b918-4481-b06e-ae3bbeb0cf04', '2015-12-17 14:49:15', '2015-12-17 18:22:43', '0000109', '7jLSoEnU', '/record/201512/17/7jLSoEnU/7jLSoEnU.mp4', '/record/201512/17/7jLSoEnU/7jLSoEnU.m3u8', '12808');
INSERT INTO `video` VALUES ('5909ff5c-a7b2-4230-a26d-311abf662366', '2015-12-17 15:05:44', '2015-12-17 18:23:49', '000074', 'D51d9sN1', '/record/201512/17/D51d9sN1/D51d9sN1.mp4', '/record/201512/17/D51d9sN1/D51d9sN1.m3u8', '11885');
INSERT INTO `video` VALUES ('f2726d5a-ebf9-4287-9615-1c618007fd2f', '2015-12-17 14:52:30', '2015-12-17 18:24:20', '0000109', 'm0i3WplV', '/record/201512/17/m0i3WplV/m0i3WplV.mp4', '/record/201512/17/m0i3WplV/m0i3WplV.m3u8', '12710');
INSERT INTO `video` VALUES ('88f04912-9d96-4a7c-82a9-73ad88fbd63d', '2015-12-17 15:03:17', '2015-12-17 18:35:31', '0000109', 'TMkCud7n', '/record/201512/17/TMkCud7n/TMkCud7n.mp4', '/record/201512/17/TMkCud7n/TMkCud7n.m3u8', '12734');
INSERT INTO `video` VALUES ('542a9cbd-18b2-4d6a-9993-8da6aa73e106', '2015-12-17 14:59:00', '2015-12-17 18:30:46', '0000109', 'o2KNHXHX', '/record/201512/17/o2KNHXHX/o2KNHXHX.mp4', '/record/201512/17/o2KNHXHX/o2KNHXHX.m3u8', '12706');
INSERT INTO `video` VALUES ('cddbbe13-7f2f-4f97-bc79-c9acba604fb1', '2015-12-17 15:02:24', '2015-12-17 18:26:33', '000074', '2dSCohP2', '/record/201512/17/2dSCohP2/2dSCohP2.mp4', '/record/201512/17/2dSCohP2/2dSCohP2.m3u8', '12249');
INSERT INTO `video` VALUES ('c0cb32b7-9189-4e45-9227-e8dff7e1ebde', '2015-12-17 15:01:17', '2015-12-17 18:35:04', '0000109', '5vcQkc0g', '/record/201512/17/5vcQkc0g/5vcQkc0g.mp4', '/record/201512/17/5vcQkc0g/5vcQkc0g.m3u8', '12827');
INSERT INTO `video` VALUES ('974f5276-5625-4128-bbf6-78720308f18e', '2015-12-17 14:57:21', '2015-12-17 18:29:16', '0000109', 'E41JhNYb', '/record/201512/17/E41JhNYb/E41JhNYb.mp4', '/record/201512/17/E41JhNYb/E41JhNYb.m3u8', '12715');
INSERT INTO `video` VALUES ('14e3ba3e-e657-4e90-a75d-44ad4b9764a2', '2015-12-17 14:57:55', '2015-12-17 18:30:03', '0000109', '7qPwud0l', '/record/201512/17/7qPwud0l/7qPwud0l.mp4', '/record/201512/17/7qPwud0l/7qPwud0l.m3u8', '12728');
INSERT INTO `video` VALUES ('0a5ccd79-5c6a-4120-9d85-6242101644dc', '2015-12-17 15:06:30', '2015-12-17 18:39:40', '0000109', 'WtxPitb7', '/record/201512/17/WtxPitb7/WtxPitb7.mp4', '/record/201512/17/WtxPitb7/WtxPitb7.m3u8', '12790');
INSERT INTO `video` VALUES ('bb065126-3e75-4f4a-80e0-6b1ecb0d0be8', '2015-12-17 15:06:28', '2015-12-17 18:40:12', '0000109', '7FdZub2T', '/record/201512/17/7FdZub2T/7FdZub2T.mp4', '/record/201512/17/7FdZub2T/7FdZub2T.m3u8', '12824');
INSERT INTO `video` VALUES ('d5e87e49-ae22-4b0c-90c1-cd95a927465c', '2015-12-17 15:00:40', '2015-12-17 18:33:53', '0000109', 'RfGounPj', '/record/201512/17/RfGounPj/RfGounPj.mp4', '/record/201512/17/RfGounPj/RfGounPj.m3u8', '12793');
INSERT INTO `video` VALUES ('e7868f3f-df40-4924-9da3-1774740278d8', '2015-12-17 15:02:24', '2015-12-17 18:34:24', '0000109', 'GVHSn8X0', '/record/201512/17/GVHSn8X0/GVHSn8X0.mp4', '/record/201512/17/GVHSn8X0/GVHSn8X0.m3u8', '12720');
INSERT INTO `video` VALUES ('036e3bdb-bc4a-4991-8c29-5550cd5fc03b', '2015-12-17 15:06:50', '2015-12-17 18:40:19', '0000109', 'pRPIstTJ', '/record/201512/17/pRPIstTJ/pRPIstTJ.mp4', '/record/201512/17/pRPIstTJ/pRPIstTJ.m3u8', '12809');
INSERT INTO `video` VALUES ('2f5a98b0-1ee1-445a-aca9-928c4a6933e5', '2015-12-17 15:07:47', '2015-12-17 18:40:50', '0000109', 'OTRlnAvA', '/record/201512/17/OTRlnAvA/OTRlnAvA.mp4', '/record/201512/17/OTRlnAvA/OTRlnAvA.m3u8', '12783');
INSERT INTO `video` VALUES ('8fe8e077-5c02-4497-a7b6-9d089185dada', '2015-12-17 15:01:34', '2015-12-17 18:33:45', '0000109', 'cQVzAPkc', '/record/201512/17/cQVzAPkc/cQVzAPkc.mp4', '/record/201512/17/cQVzAPkc/cQVzAPkc.m3u8', '12731');
INSERT INTO `video` VALUES ('ff414d68-a73e-4606-b6fc-b970f2f8bf4a', '2015-12-17 15:02:13', '2015-12-17 18:34:16', '0000109', 'eeqdfZLV', '/record/201512/17/eeqdfZLV/eeqdfZLV.mp4', '/record/201512/17/eeqdfZLV/eeqdfZLV.m3u8', '12723');
INSERT INTO `video` VALUES ('1f3b8035-ab62-4f14-8c21-01a1493b7a7a', '2015-12-17 15:01:00', '2015-12-17 18:34:32', '0000109', '90qxsn7q', '/record/201512/17/90qxsn7q/90qxsn7q.mp4', '/record/201512/17/90qxsn7q/90qxsn7q.m3u8', '12812');
INSERT INTO `video` VALUES ('05de8792-8b58-450d-aa4b-6f1432ca9346', '2015-12-17 15:10:30', '2015-12-17 18:42:20', '0000109', 'byvpIY8g', '/record/201512/17/byvpIY8g/byvpIY8g.mp4', '/record/201512/17/byvpIY8g/byvpIY8g.m3u8', '12710');
INSERT INTO `video` VALUES ('784e2e78-9785-4f6c-868e-d1da2b8b9bed', '2015-12-17 15:10:43', '2015-12-17 18:43:07', '0000109', 'aFNLaDlo', '/record/201512/17/aFNLaDlo/aFNLaDlo.mp4', '/record/201512/17/aFNLaDlo/aFNLaDlo.m3u8', '12744');
INSERT INTO `video` VALUES ('224a263e-6561-4c9b-8c1c-6496cbad4d78', '2015-12-17 15:02:41', '2015-12-17 18:34:44', '0000109', 'MzzfrnSC', '/record/201512/17/MzzfrnSC/MzzfrnSC.mp4', '/record/201512/17/MzzfrnSC/MzzfrnSC.m3u8', '12723');
INSERT INTO `video` VALUES ('4be01476-1aa9-4941-84b9-de7fe5477f0d', '2015-12-17 15:18:29', '2015-12-17 18:35:30', '000074', 'rbcxDXL9', '/record/201512/17/rbcxDXL9/rbcxDXL9.mp4', '/record/201512/17/rbcxDXL9/rbcxDXL9.m3u8', '11821');
INSERT INTO `video` VALUES ('6a6048c6-f89b-43a4-9869-d7622e8418ed', '2015-12-17 15:02:33', '2015-12-17 18:36:02', '0000109', '3V2GHgyf', '/record/201512/17/3V2GHgyf/3V2GHgyf.mp4', '/record/201512/17/3V2GHgyf/3V2GHgyf.m3u8', '12809');
INSERT INTO `video` VALUES ('9af31c0a-9a70-48a5-a06d-3e968bdbb418', '2015-12-17 15:05:44', '2015-12-17 18:38:02', '0000109', '767NogA3', '/record/201512/17/767NogA3/767NogA3.mp4', '/record/201512/17/767NogA3/767NogA3.m3u8', '12738');
INSERT INTO `video` VALUES ('4b510923-88db-461c-99f3-4b67b7dc54ee', '2015-12-17 15:06:48', '2015-12-17 18:38:34', '0000109', 'wClpHLi9', '/record/201512/17/wClpHLi9/wClpHLi9.mp4', '/record/201512/17/wClpHLi9/wClpHLi9.m3u8', '12706');
INSERT INTO `video` VALUES ('5296f179-ed3e-4be6-a52f-ee16e71583d2', '2015-12-17 15:20:13', '2015-12-17 18:39:05', '000074', 'lo1pOmAi', '/record/201512/17/lo1pOmAi/lo1pOmAi.mp4', '/record/201512/17/lo1pOmAi/lo1pOmAi.m3u8', '11932');
INSERT INTO `video` VALUES ('a1c725c9-feb1-4a76-861c-d720afc31e31', '2015-12-17 15:07:34', '2015-12-17 18:39:20', '0000109', 'fx5ZqWkR', '/record/201512/17/fx5ZqWkR/fx5ZqWkR.mp4', '/record/201512/17/fx5ZqWkR/fx5ZqWkR.m3u8', '12706');
INSERT INTO `video` VALUES ('c44da330-ad30-4200-aac1-694ef1a8a963', '2015-12-17 15:07:02', '2015-12-17 18:39:36', '0000109', '0c7xBgCT', '/record/201512/17/0c7xBgCT/0c7xBgCT.mp4', '/record/201512/17/0c7xBgCT/0c7xBgCT.m3u8', '12754');
INSERT INTO `video` VALUES ('bf99936e-86e3-4e1a-9ae0-f5c907849b03', '2015-12-17 15:06:26', '2015-12-17 18:39:52', '0000109', '1UVqHMtF', '/record/201512/17/1UVqHMtF/1UVqHMtF.mp4', '/record/201512/17/1UVqHMtF/1UVqHMtF.m3u8', '12806');

-- ----------------------------
-- Table structure for `village_info`
-- ----------------------------
DROP TABLE IF EXISTS `village_info`;
CREATE TABLE `village_info` (
  `villageid` varchar(20) NOT NULL COMMENT '村编号',
  `villagename` varchar(60) NOT NULL COMMENT '镇名称',
  `villagekeyvalue` varchar(20) DEFAULT NULL COMMENT '村对应到智慧城市栏目的key值',
  `townid` varchar(20) DEFAULT NULL COMMENT '村所属镇编号',
  `orgcode` varchar(30) DEFAULT NULL COMMENT '村组织编号',
  PRIMARY KEY (`villageid`)
) ENGINE=InnoDB DEFAULT CHARSET=utf8;

-- ----------------------------
-- Records of village_info
-- ----------------------------
INSERT INTO `village_info` VALUES ('002001', '杨营镇', null, '002', '1');
INSERT INTO `village_info` VALUES ('002003', '东张庄', null, '002', '2');
INSERT INTO `village_info` VALUES ('002004', '郭金台', null, '002', '63');
INSERT INTO `village_info` VALUES ('002005', '南小吴', null, '002', '64');
INSERT INTO `village_info` VALUES ('002006', '李庄', null, '002', '65');
INSERT INTO `village_info` VALUES ('002007', '野猪淖', null, '002', '66');
INSERT INTO `village_info` VALUES ('002008', '侯道沟', null, '002', '67');
INSERT INTO `village_info` VALUES ('002010', '五里庙', null, '002', '69');
INSERT INTO `village_info` VALUES ('002011', '曹庄', null, '002', '70');
INSERT INTO `village_info` VALUES ('002012', '丁庄', null, '002', '71');
INSERT INTO `village_info` VALUES ('002013', '大吴', null, '002', '72');
INSERT INTO `village_info` VALUES ('002014', '前李庄', null, '002', '73');
INSERT INTO `village_info` VALUES ('002015', '张水坑', null, '002', '74');
INSERT INTO `village_info` VALUES ('003001', '马营乡', null, '003', '491');
INSERT INTO `village_info` VALUES ('003002', '马营', null, '003', '492');
INSERT INTO `village_info` VALUES ('003003', '芦里', null, '003', '493');
INSERT INTO `village_info` VALUES ('003004', '曹庙', null, '003', '494');
INSERT INTO `village_info` VALUES ('003005', '杨营', null, '003', '495');
INSERT INTO `village_info` VALUES ('003006', '杨屯', null, '003', '496');
INSERT INTO `village_info` VALUES ('003007', '赵坝', null, '003', '497');
INSERT INTO `village_info` VALUES ('003008', '郝庄', null, '003', '498');
INSERT INTO `village_info` VALUES ('003009', '杜庄', null, '003', '499');
INSERT INTO `village_info` VALUES ('003010', '辛兴屯', null, '003', '500');
INSERT INTO `village_info` VALUES ('003011', '倪楼', null, '003', '501');
INSERT INTO `village_info` VALUES ('003012', '南穆屯', null, '003', '502');
INSERT INTO `village_info` VALUES ('003013', '北穆屯', null, '003', '503');
INSERT INTO `village_info` VALUES ('003014', '江屯', null, '003', '504');
INSERT INTO `village_info` VALUES ('003015', '王楼', null, '003', '505');
INSERT INTO `village_info` VALUES ('003016', '许庄', null, '003', '506');
INSERT INTO `village_info` VALUES ('003017', '吴垓', null, '003', '507');
INSERT INTO `village_info` VALUES ('003018', '胡屯', null, '003', '508');
INSERT INTO `village_info` VALUES ('003019', '鲍垓', null, '003', '509');
INSERT INTO `village_info` VALUES ('003020', '宋庄', null, '003', '510');
INSERT INTO `village_info` VALUES ('003021', '胡坑', null, '003', '511');
INSERT INTO `village_info` VALUES ('003022', '东李庄', null, '003', '512');
INSERT INTO `village_info` VALUES ('003023', '张飞垓', null, '003', '513');
INSERT INTO `village_info` VALUES ('003024', '薛屯', null, '003', '514');
INSERT INTO `village_info` VALUES ('003025', '柯庄', null, '003', '515');
INSERT INTO `village_info` VALUES ('006001', '馆驿镇', null, '006', '348');
INSERT INTO `village_info` VALUES ('006003', '轩庄', null, '006', '350');
INSERT INTO `village_info` VALUES ('006008', '东尚庄', null, '006', '355');
INSERT INTO `village_info` VALUES ('006015', '东郝庄', null, '006', '362');
INSERT INTO `village_info` VALUES ('006021', '东田店', null, '006', '368');
INSERT INTO `village_info` VALUES ('006024', '红庙', null, '006', '371');
INSERT INTO `village_info` VALUES ('006027', '大营', null, '006', '374');
INSERT INTO `village_info` VALUES ('006028', '小营', null, '006', '375');
INSERT INTO `village_info` VALUES ('013001', '黑虎庙镇', null, '013', '613');
INSERT INTO `village_info` VALUES ('013002', '黑虎庙', null, '013', '614');
INSERT INTO `village_info` VALUES ('013003', '西小吴', null, '013', '615');
INSERT INTO `village_info` VALUES ('013004', '于楼', null, '013', '616');
INSERT INTO `village_info` VALUES ('013005', '义和庄', null, '013', '617');
INSERT INTO `village_info` VALUES ('013006', '程那里', null, '013', '618');
INSERT INTO `village_info` VALUES ('013007', '吴楼', null, '013', '619');
INSERT INTO `village_info` VALUES ('013008', '河西', null, '013', '620');
INSERT INTO `village_info` VALUES ('013009', '黑北', null, '013', '621');
INSERT INTO `village_info` VALUES ('013010', '祝庄', null, '013', '622');
INSERT INTO `village_info` VALUES ('013011', '东郭', null, '013', '623');
INSERT INTO `village_info` VALUES ('013012', '师庄', null, '013', '624');
INSERT INTO `village_info` VALUES ('013013', '毛庄', null, '013', '625');
INSERT INTO `village_info` VALUES ('013014', '包那里', null, '013', '626');
INSERT INTO `village_info` VALUES ('013015', '吕那里', null, '013', '627');
INSERT INTO `village_info` VALUES ('013016', '闫集', null, '013', '628');
INSERT INTO `village_info` VALUES ('013017', '杨桥', null, '013', '629');
INSERT INTO `village_info` VALUES ('013018', '姚垓', null, '013', '630');
INSERT INTO `village_info` VALUES ('013019', '西张庄', null, '013', '631');
INSERT INTO `village_info` VALUES ('015001', '开发区', null, '015', '632');
INSERT INTO `village_info` VALUES ('015002', '良福村', null, '015', '633');
INSERT INTO `village_info` VALUES ('015003', '师庄', null, '015', '634');
INSERT INTO `village_info` VALUES ('015004', '太平集', null, '015', '635');
INSERT INTO `village_info` VALUES ('015005', '太平王', null, '015', '636');
INSERT INTO `village_info` VALUES ('015006', '洼李', null, '015', '637');
INSERT INTO `village_info` VALUES ('015007', '陈营村', null, '015', '638');
INSERT INTO `village_info` VALUES ('015008', '东丁庄', null, '015', ' ');
INSERT INTO `village_info` VALUES ('015009', '孙庄', null, '015', '640');
INSERT INTO `village_info` VALUES ('015010', '西张庄', null, '015', '641');
INSERT INTO `village_info` VALUES ('015011', '刘仙庄', null, '015', '642');
INSERT INTO `village_info` VALUES ('1000000', '组织部', null, '002', '-1');
INSERT INTO `village_info` VALUES ('1000001', '六个党建', null, '002', '-2');

-- ----------------------------
-- Table structure for `we_sys_dayweatherinfo`
-- ----------------------------
DROP TABLE IF EXISTS `we_sys_dayweatherinfo`;
CREATE TABLE `we_sys_dayweatherinfo` (
  `ID` varchar(36) NOT NULL,
  `CODE_D` varchar(255) DEFAULT NULL,
  `CODE_N` varchar(255) DEFAULT NULL,
  `DATE` varchar(255) DEFAULT NULL,
  `DEG` varchar(255) DEFAULT NULL,
  `DIR` varchar(255) DEFAULT NULL,
  `HUM` varchar(255) DEFAULT NULL,
  `PCPN` varchar(255) DEFAULT NULL,
  `STATUS` varchar(255) DEFAULT NULL,
  `PRES` varchar(255) DEFAULT NULL,
  `SC` varchar(255) DEFAULT NULL,
  `SPD` varchar(255) DEFAULT NULL,
  `SR` varchar(255) DEFAULT NULL,
  `SS` varchar(255) DEFAULT NULL,
  `TMPMAX` varchar(255) DEFAULT NULL,
  `TMPMIN` varchar(255) DEFAULT NULL,
  `TXT_D` varchar(255) DEFAULT NULL,
  `TXT_N` varchar(255) DEFAULT NULL,
  `URL` varchar(255) DEFAULT NULL,
  `VIS` varchar(255) DEFAULT NULL,
  `WEEK` varchar(255) DEFAULT NULL,
  `W_ID` varchar(36) DEFAULT NULL,
  PRIMARY KEY (`ID`),
  KEY `FK_gl4idf60pms87p60nn5n55i7n` (`W_ID`),
  CONSTRAINT `FK_gl4idf60pms87p60nn5n55i7n` FOREIGN KEY (`W_ID`) REFERENCES `we_sys_weather` (`ID`)
) ENGINE=InnoDB DEFAULT CHARSET=utf8;

-- ----------------------------
-- Records of we_sys_dayweatherinfo
-- ----------------------------
INSERT INTO `we_sys_dayweatherinfo` VALUES ('002c2cbb-6b74-4ee3-bc41-9f7749e3b080', '100', '101', '2015-10-13', '199', '西南风', '19', '0.0', '0', '1022', '3-4', '11', '06:17', '17:41', '25', '10', '晴', '多云', 'images/qing.png', '10', '星期二', '43201297-f8ee-4025-add1-d9eab2862d49');
INSERT INTO `we_sys_dayweatherinfo` VALUES ('01b87a36-bf25-4d05-bedc-67d51aaa0fc4', '100', '100', '2015-10-16', '175', '无持续风向', '22', '0.0', '0', '1018', '微风', '9', '06:19', '17:37', '27', '12', '晴', '晴', 'images/qing.png', '10', '星期五', '7a856cb3-5b40-4a67-a5d0-a1230768bcfd');
INSERT INTO `we_sys_dayweatherinfo` VALUES ('03557c14-7b76-46d1-a558-fe8bbd4192f3', '101', '100', '2015-10-14', '197', '无持续风向', '20', '0.0', '0', '1017', '微风', '4', '06:18', '17:40', '26', '12', '多云', '晴', 'images/duoyun.png', '10', '星期三', '0d1be87e-2d44-44b6-ba0d-e920994f72b2');
INSERT INTO `we_sys_dayweatherinfo` VALUES ('04099bcb-5f42-4f2b-a368-0af1936cedfb', '100', '101', '2015-10-14', '191', '南风', '20', '0.0', '0', '1017', '微风', '4', '06:18', '17:40', '28', '12', '晴', '多云', 'images/qing.png', '10', '星期三', 'ccfc76c5-6669-4372-8007-0705a8a014f3');
INSERT INTO `we_sys_dayweatherinfo` VALUES ('042b7fd9-2536-44ef-8ff4-666c513f76ca', '101', '100', '2015-10-15', '29', '北风', '28', '0.0', '0', '1016', '微风', '4', '06:19', '17:38', '26', '10', '多云', '晴', 'images/duoyun.png', '10', '星期四', '37b7ea55-bc41-4c39-973e-0f0b137239f6');
INSERT INTO `we_sys_dayweatherinfo` VALUES ('0525a1e9-830e-4728-8738-3320b5360640', '100', '100', '2015-10-15', '221', '东南风', '26', '0.0', '0', '1015', '微风', '8', '06:19', '17:38', '26', '11', '晴', '晴', 'images/qing.png', '10', '星期四', '26c065b2-ed18-429c-877e-7ab41586af9d');
INSERT INTO `we_sys_dayweatherinfo` VALUES ('05446213-5671-4f17-bbfd-e0b1d9e21d22', '100', '100', '2015-10-19', '165', '无持续风向', '35', '0.0', '0', '1017', '微风', '11', '06:22', '17:33', '26', '15', '晴', '晴', 'images/qing.png', '10', '星期一', 'c50b611e-6dc2-47df-9f06-d7c1a64d2931');
INSERT INTO `we_sys_dayweatherinfo` VALUES ('05797504-8d62-425f-b354-e0bc8612db9a', '100', '100', '2015-10-16', '150', '南风', '22', '0.0', '0', '1018', '微风', '7', '06:19', '17:37', '27', '10', '晴', '晴', 'images/qing.png', '10', '星期五', 'f377f019-0348-4d84-a93a-0ed0b2706a2d');
INSERT INTO `we_sys_dayweatherinfo` VALUES ('05835735-0a5d-4735-8c63-0ebc95aec4fc', '305', '104', '2015-09-24', '115', '无持续风向', '42', '0.0', '39', '1009', '微风', '4', '06:02', '18:08', '25', '20', '小雨', '阴', 'images/xiaoyu.png', '10', '星期四', 'c3278f94-6e0f-4ead-a27e-374c09465276');
INSERT INTO `we_sys_dayweatherinfo` VALUES ('0672afbc-d472-400c-bd93-3af7b0da604d', '100', '100', '2015-10-11', '322', '北风', '22', '0.0', '0', '1019', '微风', '7', '06:15', '17:44', '22', '6', '晴', '晴', 'images/qing.png', '10', '星期日', 'bdcdbd4b-097a-4112-8a70-33bf9be5b1c0');
INSERT INTO `we_sys_dayweatherinfo` VALUES ('081ae643-9655-42e7-84cb-1a4a41f046bd', '101', '100', '2015-10-16', '43', '无持续风向', '20', '0.0', '0', '1018', '微风', '11', '06:19', '17:37', '28', '11', '多云', '晴', 'images/duoyun.png', '10', '星期五', '4ccc3e88-7bd3-487b-9988-7a74fa271fb0');
INSERT INTO `we_sys_dayweatherinfo` VALUES ('085305e1-b2f0-499c-8449-1ddc1a77e4c1', '100', '100', '2015-10-17', '184', '无持续风向', '28', '0.0', '0', '1017', '微风', '4', '06:20', '17:36', '27', '14', '晴', '晴', 'images/qing.png', '10', '星期六', '8801860c-99dc-43b9-bee2-66686e2f9ff2');
INSERT INTO `we_sys_dayweatherinfo` VALUES ('097e63ef-44d8-4951-aec7-c7bd4cbfe6c4', '100', '100', '2015-10-16', '125', '无持续风向', '24', '0.0', '0', '1018', '微风', '4', '06:19', '17:37', '27', '13', '晴', '晴', 'images/qing.png', '10', '星期五', 'd6be07ca-b1e5-4509-b1d5-623717739ac9');
INSERT INTO `we_sys_dayweatherinfo` VALUES ('0982d7a7-2a61-4278-beab-33efb4989c9b', '100', '100', '2015-10-11', '335', '北风', '25', '0.0', '0', '1020', '3-4', '7', '06:15', '17:44', '21', '8', '晴', '晴', 'images/qing.png', '10', '星期日', '4d4e5d4a-097c-4b93-bf9c-7792cc9f75a2');
INSERT INTO `we_sys_dayweatherinfo` VALUES ('0a2bb70e-2992-49a4-b174-7d60236a7c5c', '101', '100', '2015-10-15', '332', '无持续风向', '22', '0.0', '0', '1016', '微风', '11', '06:19', '17:38', '27', '11', '多云', '晴', 'images/duoyun.png', '10', '星期四', 'c50b611e-6dc2-47df-9f06-d7c1a64d2931');
INSERT INTO `we_sys_dayweatherinfo` VALUES ('0a4ae638-59f8-4a70-badd-9eaf15fe3fe5', '100', '100', '2015-10-16', '168', '无持续风向', '29', '0.0', '0', '1018', '微风', '7', '06:19', '17:37', '27', '15', '晴', '晴', 'images/qing.png', '10', '星期五', '6e2c44a5-9575-4379-bcea-1674f3175048');
INSERT INTO `we_sys_dayweatherinfo` VALUES ('0a9c88e1-41ce-4deb-86a5-9f8b1d686bea', '101', '100', '2015-10-15', '332', '无持续风向', '22', '0.0', '0', '1016', '微风', '11', '06:19', '17:38', '27', '11', '多云', '晴', 'images/duoyun.png', '10', '星期四', 'b5992b35-8896-4d2e-96b0-deee3f288109');
INSERT INTO `we_sys_dayweatherinfo` VALUES ('0b13188f-00e9-4d5c-9821-5f6b11a570f7', '100', '100', '2015-10-17', '182', '无持续风向', '29', '0.0', '0', '1017', '微风', '4', '06:20', '17:36', '27', '12', '晴', '晴', 'images/qing.png', '10', '星期六', '20a31c2b-fc46-4ac0-bee1-2207e3b226f9');
INSERT INTO `we_sys_dayweatherinfo` VALUES ('0d5c45f4-0075-4298-ae95-faeeb699a719', '100', '100', '2015-10-16', '125', '无持续风向', '24', '0.0', '0', '1018', '微风', '4', '06:19', '17:37', '27', '13', '晴', '晴', 'images/qing.png', '10', '星期五', '2792d049-e8e0-49a1-a988-4efc974f61be');
INSERT INTO `we_sys_dayweatherinfo` VALUES ('0da8ab39-bfa8-4163-878b-923af7831942', '100', '100', '2015-10-19', '147', '无持续风向', '25', '0.0', '0', '1016', '微风', '4', '06:22', '17:33', '26', '15', '晴', '晴', 'images/qing.png', '10', '星期一', '3a73898d-f5b1-4228-9e4a-9205e09c6afb');
INSERT INTO `we_sys_dayweatherinfo` VALUES ('0e292f6d-4bf6-451f-98b5-c8cecab61d39', '101', '101', '2015-09-23', '51', '南风', '41', '0.0', '0', '1009', '微风', '4', '06:01', '18:09', '29', '19', '多云', '多云', 'images/duoyun.png', '10', '星期三', 'e1c44614-22bb-40d8-9db2-ce03556fc806');
INSERT INTO `we_sys_dayweatherinfo` VALUES ('0e67af29-ae5e-4605-8261-d92919e89a77', '100', '100', '2015-10-12', '355', '南风', '19', '0.0', '0', '1022', '微风', '7', '06:16', '17:42', '24', '6', '晴', '晴', 'images/qing.png', '10', '星期一', '1ebbf1f6-ff2f-454a-ab1d-c8735cf1cfdf');
INSERT INTO `we_sys_dayweatherinfo` VALUES ('0f02c8eb-b250-4bf9-a231-aaf112751882', '100', '100', '2015-10-11', '314', '北风', '19', '0.0', '0', '1019', '3-4', '11', '06:15', '17:44', '21', '6', '晴', '晴', 'images/qing.png', '10', '星期日', '37b62595-c596-47d2-aa85-affcacde22b5');
INSERT INTO `we_sys_dayweatherinfo` VALUES ('0f29f568-a3ae-40a7-84a7-4364b17f4ca7', '101', '101', '2015-10-14', '200', '无持续风向', '21', '0.0', '0', '1018', '微风', '11', '06:18', '17:40', '25', '13', '多云', '多云', 'images/duoyun.png', '10', '星期三', '040a0a72-be00-4f7a-909d-43b07e68eccb');
INSERT INTO `we_sys_dayweatherinfo` VALUES ('0f577ba9-c656-48e5-a454-a71619dec5ae', '100', '100', '2015-10-16', '168', '无持续风向', '29', '0.0', '0', '1018', '微风', '7', '06:19', '17:37', '27', '15', '晴', '晴', 'images/qing.png', '10', '星期五', 'e3f1ac1d-f5b5-4e71-bbaf-5b935378b6cb');
INSERT INTO `we_sys_dayweatherinfo` VALUES ('0f87ec2d-1de8-47da-adec-2949c38a861d', '100', '100', '2015-10-17', '191', '无持续风向', '28', '0.0', '0', '1018', '微风', '11', '06:20', '17:36', '27', '14', '晴', '晴', 'images/qing.png', '10', '星期六', '4ccc3e88-7bd3-487b-9988-7a74fa271fb0');
INSERT INTO `we_sys_dayweatherinfo` VALUES ('10c7a93f-8eb3-4190-bdd6-6ddc8d9634e5', '101', '100', '2015-09-25', '55', '无持续风向', '38', '0.0', '19', '1009', '微风', '4', '06:02', '18:06', '28', '18', '多云', '晴', 'images/duoyun.png', '10', '星期五', '8d23507d-9c63-4bac-bbfc-59914cc07a81');
INSERT INTO `we_sys_dayweatherinfo` VALUES ('11524095-0262-4e0e-b956-f2986198b798', '100', '101', '2015-10-18', '57', '无持续风向', '29', '0.0', '0', '1019', '微风', '8', '06:21', '17:34', '23', '15', '晴', '多云', 'images/qing.png', '10', '星期日', '26c065b2-ed18-429c-877e-7ab41586af9d');
INSERT INTO `we_sys_dayweatherinfo` VALUES ('1162f008-5055-4bb0-ab30-151bcdc48063', '101', '100', '2015-10-16', '88', '无持续风向', '21', '0.0', '0', '1018', '微风', '15', '06:19', '17:37', '28', '11', '多云', '晴', 'images/duoyun.png', '10', '星期五', 'd6bdba54-752b-4f62-beb1-f02622b11619');
INSERT INTO `we_sys_dayweatherinfo` VALUES ('116a471e-704a-450b-9ee1-e9590f597e75', '100', '100', '2015-10-11', '314', '北风', '19', '0.0', '0', '1019', '3-4', '11', '06:15', '17:44', '21', '6', '晴', '晴', 'images/qing.png', '10', '星期日', '43201297-f8ee-4025-add1-d9eab2862d49');
INSERT INTO `we_sys_dayweatherinfo` VALUES ('11c9ad5a-4ed2-45b9-892e-2b2052e26df6', '100', '100', '2015-10-20', '83', '无持续风向', '31', '0.0', '0', '1014', '微风', '11', '06:23', '17:32', '27', '15', '晴', '晴', 'images/qing.png', '10', '星期二', 'b5992b35-8896-4d2e-96b0-deee3f288109');
INSERT INTO `we_sys_dayweatherinfo` VALUES ('1337787c-bd59-4c3a-b6b2-368d1291399a', '100', '100', '2015-10-19', '165', '无持续风向', '35', '0.0', '0', '1017', '微风', '11', '06:22', '17:33', '26', '15', '晴', '晴', 'images/qing.png', '10', '星期一', 'b5992b35-8896-4d2e-96b0-deee3f288109');
INSERT INTO `we_sys_dayweatherinfo` VALUES ('13c327ca-cee5-4450-b9f9-fe30dee3971d', '100', '101', '2015-10-20', '167', '无持续风向', '33', '0.0', '0', '1015', '微风', '4', '06:23', '17:32', '26', '15', '晴', '多云', 'images/qing.png', '10', '星期二', '8dd107b6-6144-4450-b42f-2dbd104b433b');
INSERT INTO `we_sys_dayweatherinfo` VALUES ('13cb4978-23e9-4c6d-a4bd-fa8a1f35e8c8', '100', '100', '2015-10-12', '3', '西南风', '20', '0.0', '0', '1023', '3-4', '11', '06:16', '17:42', '24', '8', '晴', '晴', 'images/qing.png', '10', '星期一', '69f9f736-24bf-499a-bafb-418e3a87a0ec');
INSERT INTO `we_sys_dayweatherinfo` VALUES ('140303ea-9edf-4d06-bb32-babf203d0f5b', '100', '100', '2015-10-16', '168', '无持续风向', '29', '0.0', '0', '1018', '微风', '7', '06:19', '17:37', '27', '15', '晴', '晴', 'images/qing.png', '10', '星期五', 'dfd10274-dc82-4f34-bbd7-8fd758890ae5');
INSERT INTO `we_sys_dayweatherinfo` VALUES ('150b1792-ac01-4430-9afc-9ae8add7273c', '100', '100', '2015-10-17', '181', '无持续风向', '23', '0.0', '0', '1016', '微风', '11', '06:20', '17:36', '27', '14', '晴', '晴', 'images/qing.png', '10', '星期六', '040a0a72-be00-4f7a-909d-43b07e68eccb');
INSERT INTO `we_sys_dayweatherinfo` VALUES ('18f5a001-1eaa-4fae-bb9d-4986f1126d44', '100', '100', '2015-10-12', '3', '西南风', '20', '0.0', '0', '1023', '3-4', '11', '06:16', '17:42', '24', '8', '晴', '晴', 'images/qing.png', '10', '星期一', '43201297-f8ee-4025-add1-d9eab2862d49');
INSERT INTO `we_sys_dayweatherinfo` VALUES ('1926417a-4def-45ae-baaa-6868aeb3533f', '101', '101', '2015-10-21', '143', '无持续风向', '32', '0.0', '0', '1016', '微风', '4', '06:24', '17:31', '24', '15', '多云', '多云', 'images/duoyun.png', '10', '星期三', '8dd107b6-6144-4450-b42f-2dbd104b433b');
INSERT INTO `we_sys_dayweatherinfo` VALUES ('19b9bf25-f5ab-4576-acd9-477c9c7f4804', '100', '101', '2015-10-13', '199', '西南风', '19', '0.0', '0', '1022', '3-4', '11', '06:17', '17:41', '25', '10', '晴', '多云', 'images/qing.png', '10', '星期二', '69f9f736-24bf-499a-bafb-418e3a87a0ec');
INSERT INTO `we_sys_dayweatherinfo` VALUES ('19e36d54-1e4f-4f78-8988-d4c5fffae399', '100', '101', '2015-10-20', '150', '无持续风向', '30', '0.0', '0', '1015', '微风', '4', '06:23', '17:32', '26', '15', '晴', '多云', 'images/qing.png', '10', '星期二', '3a73898d-f5b1-4228-9e4a-9205e09c6afb');
INSERT INTO `we_sys_dayweatherinfo` VALUES ('1a4eb55e-9753-41d1-aaa7-36af7529db40', '100', '100', '2015-10-13', '200', '南风', '17', '0.0', '0', '1021', '微风', '4', '06:17', '17:41', '29', '8', '晴', '晴', 'images/qing.png', '10', '星期二', '8801860c-99dc-43b9-bee2-66686e2f9ff2');
INSERT INTO `we_sys_dayweatherinfo` VALUES ('1a975b4a-f197-44cf-ae93-14f03c1f5b69', '100', '101', '2015-10-18', '69', '无持续风向', '27', '0.0', '0', '1019', '微风', '7', '06:21', '17:34', '23', '15', '晴', '多云', 'images/qing.png', '10', '星期日', 'dfd10274-dc82-4f34-bbd7-8fd758890ae5');
INSERT INTO `we_sys_dayweatherinfo` VALUES ('1aa0f9e2-7373-4ad7-99d0-965bc81c929f', '101', '100', '2015-10-13', '220', '无持续风向', '16', '0.0', '0', '1021', '微风', '7', '06:17', '17:41', '25', '11', '多云', '晴', 'images/duoyun.png', '10', '星期二', 'e2caa130-4580-436c-b647-aa5a2667fbde');
INSERT INTO `we_sys_dayweatherinfo` VALUES ('1ad10d08-09da-4a93-9168-2e6058d8aa25', '100', '100', '2015-10-18', '16', '无持续风向', '31', '0.0', '0', '1019', '微风', '4', '06:21', '17:34', '27', '14', '晴', '晴', 'images/qing.png', '10', '星期日', 'ba8c15ba-41f4-40e9-abfb-a81a2dcb0324');
INSERT INTO `we_sys_dayweatherinfo` VALUES ('1b2c77d0-7f61-4cfa-b29c-eedff403b9b0', '100', '100', '2015-10-16', '171', '无持续风向', '25', '0.0', '0', '1018', '微风', '4', '06:19', '17:37', '28', '14', '晴', '晴', 'images/qing.png', '10', '星期五', 'cc663d03-3cfd-439b-9203-bf0b99b43a85');
INSERT INTO `we_sys_dayweatherinfo` VALUES ('1c251c00-effd-43bc-85e9-846ef4d95355', '101', '100', '2015-10-16', '43', '无持续风向', '20', '0.0', '0', '1018', '微风', '11', '06:19', '17:37', '28', '11', '多云', '晴', 'images/duoyun.png', '10', '星期五', 'c50b611e-6dc2-47df-9f06-d7c1a64d2931');
INSERT INTO `we_sys_dayweatherinfo` VALUES ('1c9cb4a8-c0a5-4ee1-b32a-4871e022f237', '101', '101', '2015-10-17', '180', '无持续风向', '31', '0.0', '0', '1017', '微风', '4', '06:20', '17:36', '27', '15', '多云', '多云', 'images/duoyun.png', '10', '星期六', '3a73898d-f5b1-4228-9e4a-9205e09c6afb');
INSERT INTO `we_sys_dayweatherinfo` VALUES ('1cf273d3-09bb-4f28-b68d-5a0d09d0b0fa', '101', '101', '2015-10-17', '180', '无持续风向', '31', '0.0', '0', '1017', '微风', '4', '06:20', '17:36', '27', '15', '多云', '多云', 'images/duoyun.png', '10', '星期六', 'ccfc76c5-6669-4372-8007-0705a8a014f3');
INSERT INTO `we_sys_dayweatherinfo` VALUES ('1d4d432a-9401-4015-a47b-e676aa01cfb8', '100', '100', '2015-10-11', '314', '北风', '19', '0.0', '0', '1019', '3-4', '11', '06:15', '17:44', '21', '6', '晴', '晴', 'images/qing.png', '10', '星期日', '040a0a72-be00-4f7a-909d-43b07e68eccb');
INSERT INTO `we_sys_dayweatherinfo` VALUES ('1e8b0fd9-8712-4bc8-b0b3-c24b87805a5d', '100', '100', '2015-10-15', '203', '无持续风向', '25', '0.0', '0', '1017', '微风', '4', '06:19', '17:38', '26', '13', '晴', '晴', 'images/qing.png', '10', '星期四', '0378b4ff-3867-40ba-8364-5f65c0543063');
INSERT INTO `we_sys_dayweatherinfo` VALUES ('1eb5171a-3860-4a0f-aad2-8759184d5d36', '100', '101', '2015-10-13', '199', '南风', '16', '0.0', '0', '1021', '微风', '7', '06:17', '17:41', '26', '11', '晴', '多云', 'images/qing.png', '10', '星期二', 'dfd10274-dc82-4f34-bbd7-8fd758890ae5');
INSERT INTO `we_sys_dayweatherinfo` VALUES ('1edf567e-0160-4bf3-b10d-a366683242e1', '101', '101', '2015-10-18', '84', '无持续风向', '28', '0.0', '0', '1020', '微风', '4', '06:21', '17:34', '25', '14', '多云', '多云', 'images/duoyun.png', '10', '星期日', '37b7ea55-bc41-4c39-973e-0f0b137239f6');
INSERT INTO `we_sys_dayweatherinfo` VALUES ('1f79c863-de5b-44df-93cc-4d98fe2d15cc', '305', '104', '2015-09-24', '115', '无持续风向', '42', '0.0', '39', '1009', '微风', '4', '06:02', '18:08', '25', '20', '小雨', '阴', 'images/xiaoyu.png', '10', '星期四', 'beeca77c-46dd-42d8-915a-a5a33863bb61');
INSERT INTO `we_sys_dayweatherinfo` VALUES ('21125a57-5f51-46a8-a183-caacb7c676e8', '101', '100', '2015-10-15', '343', '无持续风向', '25', '0.0', '0', '1016', '微风', '4', '06:19', '17:38', '26', '12', '多云', '晴', 'images/duoyun.png', '10', '星期四', '978b086a-5382-4552-b95b-c759bc7619dc');
INSERT INTO `we_sys_dayweatherinfo` VALUES ('23521638-3919-4cef-a8f4-08a66bba3f18', '100', '100', '2015-10-20', '83', '无持续风向', '31', '0.0', '0', '1014', '微风', '11', '06:23', '17:32', '27', '15', '晴', '晴', 'images/qing.png', '10', '星期二', 'c50b611e-6dc2-47df-9f06-d7c1a64d2931');
INSERT INTO `we_sys_dayweatherinfo` VALUES ('23977058-d82a-436b-8f05-d5eea1143135', '100', '100', '2015-10-12', '355', '南风', '19', '0.0', '0', '1022', '微风', '7', '06:16', '17:42', '24', '6', '晴', '晴', 'images/qing.png', '10', '星期一', '6300d30d-7c05-4709-b0c9-b870d90e00c7');
INSERT INTO `we_sys_dayweatherinfo` VALUES ('261d4808-430f-4a22-9a70-89f5a90860f6', '101', '100', '2015-10-17', '182', '无持续风向', '29', '0.0', '0', '1017', '微风', '7', '06:20', '17:36', '24', '13', '多云', '晴', 'images/duoyun.png', '10', '星期六', '6e2c44a5-9575-4379-bcea-1674f3175048');
INSERT INTO `we_sys_dayweatherinfo` VALUES ('262083c8-48ad-43e2-aee1-c1c89b0bd41e', '101', '101', '2015-10-17', '169', '无持续风向', '31', '0.0', '0', '1016', '微风', '7', '06:20', '17:36', '28', '14', '多云', '多云', 'images/duoyun.png', '10', '星期六', 'bdcdbd4b-097a-4112-8a70-33bf9be5b1c0');
INSERT INTO `we_sys_dayweatherinfo` VALUES ('28f8c9c2-34a1-452b-8260-89fe425ca221', '101', '101', '2015-09-21', '165', '南风', '36', '0.0', '0', '1011', '微风', '4', '05:59', '18:12', '29', '17', '多云', '多云', 'images/duoyun.png', '10', '星期一', '05a3b4ac-1fd3-47e3-a9fa-9e4f66cbaf15');
INSERT INTO `we_sys_dayweatherinfo` VALUES ('2982f190-240b-401c-83f8-c7f54c304a94', '100', '100', '2015-10-12', '4', '南风', '19', '0.0', '0', '1022', '微风', '4', '06:16', '17:42', '25', '6', '晴', '晴', 'images/qing.png', '10', '星期一', 'a7a5d3f9-bff1-4f11-b54c-e3c05ddd3b9e');
INSERT INTO `we_sys_dayweatherinfo` VALUES ('2a1d2e0c-91c1-4b92-8832-9724ad37ce6a', '100', '101', '2015-10-18', '123', '无持续风向', '31', '0.0', '0', '1018', '微风', '4', '06:21', '17:34', '23', '15', '晴', '多云', 'images/qing.png', '10', '星期日', '0378b4ff-3867-40ba-8364-5f65c0543063');
INSERT INTO `we_sys_dayweatherinfo` VALUES ('2a7cdad5-b7d7-4964-a20e-d4087c6ae391', '100', '100', '2015-10-20', '95', '无持续风向', '35', '0.0', '0', '1016', '微风', '7', '06:23', '17:32', '25', '15', '晴', '晴', 'images/qing.png', '10', '星期二', '4a3b6c50-4402-43b6-b0e8-ab10128c275e');
INSERT INTO `we_sys_dayweatherinfo` VALUES ('2b36cf6b-08da-4c33-93da-6a6ddc003fd8', '101', '101', '2015-10-17', '183', '无持续风向', '26', '0.0', '0', '1016', '微风', '4', '06:20', '17:36', '28', '14', '多云', '多云', 'images/duoyun.png', '10', '星期六', 'ba8c15ba-41f4-40e9-abfb-a81a2dcb0324');
INSERT INTO `we_sys_dayweatherinfo` VALUES ('2b4fe259-92c8-49ad-b782-cc28d701fddb', '100', '100', '2015-10-10', '324', '北风', '18', '0.0', '0', '1018', '3-4', '7', '06:14', '17:45', '19', '7', '晴', '晴', 'images/qing.png', '10', '星期六', '4d4e5d4a-097c-4b93-bf9c-7792cc9f75a2');
INSERT INTO `we_sys_dayweatherinfo` VALUES ('2e224047-e991-4550-a157-48b7629b2cf0', '101', '101', '2015-10-14', '193', '南风', '20', '0.0', '0', '1017', '微风', '7', '06:18', '17:40', '25', '11', '多云', '多云', 'images/duoyun.png', '10', '星期三', '6e2c44a5-9575-4379-bcea-1674f3175048');
INSERT INTO `we_sys_dayweatherinfo` VALUES ('2f6cc202-cc2e-4e00-b825-ca62dfb09288', '100', '100', '2015-10-16', '175', '无持续风向', '30', '0.0', '0', '1018', '微风', '7', '06:19', '17:37', '27', '14', '晴', '晴', 'images/qing.png', '10', '星期五', 'e2caa130-4580-436c-b647-aa5a2667fbde');
INSERT INTO `we_sys_dayweatherinfo` VALUES ('31b73305-d554-413e-b4db-caae075aff92', '100', '101', '2015-10-14', '191', '南风', '20', '0.0', '0', '1017', '微风', '4', '06:18', '17:40', '28', '12', '晴', '多云', 'images/qing.png', '10', '星期三', '978b086a-5382-4552-b95b-c759bc7619dc');
INSERT INTO `we_sys_dayweatherinfo` VALUES ('33b47eaa-63df-4f92-8657-c43595beb7d3', '100', '100', '2015-10-12', '4', '南风', '19', '0.0', '0', '1022', '微风', '4', '06:16', '17:42', '25', '6', '晴', '晴', 'images/qing.png', '10', '星期一', '97d962ec-aeec-45d4-b9ca-191d3b12d0f1');
INSERT INTO `we_sys_dayweatherinfo` VALUES ('33f8e461-8d01-438f-b8c9-5af783e6b57b', '100', '101', '2015-09-26', '89', '无持续风向', '32', '0.0', '0', '1012', '微风', '4', '06:03', '18:05', '29', '18', '晴', '多云', 'images/qing.png', '10', '星期六', '05a3b4ac-1fd3-47e3-a9fa-9e4f66cbaf15');
INSERT INTO `we_sys_dayweatherinfo` VALUES ('348a1331-ac09-4e40-8562-b024a914786a', '100', '100', '2015-10-18', '16', '无持续风向', '31', '0.0', '0', '1019', '微风', '4', '06:21', '17:34', '27', '14', '晴', '晴', 'images/qing.png', '10', '星期日', '8977b5b4-7db1-4131-a180-29f07fba47ab');
INSERT INTO `we_sys_dayweatherinfo` VALUES ('3495a7fe-8ce7-4a2d-9961-0c1f82fc65c1', '101', '100', '2015-09-25', '55', '无持续风向', '38', '0.0', '19', '1009', '微风', '4', '06:02', '18:06', '28', '18', '多云', '晴', 'images/duoyun.png', '10', '星期五', 'c3278f94-6e0f-4ead-a27e-374c09465276');
INSERT INTO `we_sys_dayweatherinfo` VALUES ('3674fc76-8d1f-4b12-b1b9-9205309cc942', '100', '305', '2015-10-20', '124', '无持续风向', '28', '0.0', '0', '1014', '微风', '15', '06:23', '17:32', '25', '15', '晴', '小雨', 'images/qing.png', '10', '星期二', 'd6bdba54-752b-4f62-beb1-f02622b11619');
INSERT INTO `we_sys_dayweatherinfo` VALUES ('36ab84a5-ddda-40fa-9065-c57c3ae35350', '100', '101', '2015-10-20', '150', '无持续风向', '30', '0.0', '0', '1015', '微风', '4', '06:23', '17:32', '26', '15', '晴', '多云', 'images/qing.png', '10', '星期二', '978b086a-5382-4552-b95b-c759bc7619dc');
INSERT INTO `we_sys_dayweatherinfo` VALUES ('37985855-b92f-40c0-8cd3-d050a9e5f8cb', '101', '100', '2015-10-15', '343', '无持续风向', '25', '0.0', '0', '1016', '微风', '4', '06:19', '17:38', '26', '12', '多云', '晴', 'images/duoyun.png', '10', '星期四', '2792d049-e8e0-49a1-a988-4efc974f61be');
INSERT INTO `we_sys_dayweatherinfo` VALUES ('39301d6a-f436-4127-8b36-7cea78717701', '101', '101', '2015-10-14', '196', '东南风', '21', '0.0', '0', '1018', '微风', '4', '06:18', '17:40', '25', '12', '多云', '多云', 'images/duoyun.png', '10', '星期三', '0378b4ff-3867-40ba-8364-5f65c0543063');
INSERT INTO `we_sys_dayweatherinfo` VALUES ('3962da96-fc9c-4ee1-b2b7-d92cd856d68f', '101', '101', '2015-10-18', '72', '无持续风向', '27', '0.0', '0', '1019', '微风', '9', '06:21', '17:34', '25', '14', '多云', '多云', 'images/duoyun.png', '10', '星期日', '7a856cb3-5b40-4a67-a5d0-a1230768bcfd');
INSERT INTO `we_sys_dayweatherinfo` VALUES ('3a6a446c-6b32-4323-b38c-a08e8ebb8f75', '100', '100', '2015-10-15', '208', '无持续风向', '23', '0.0', '0', '1017', '微风', '7', '06:19', '17:38', '27', '13', '晴', '晴', 'images/qing.png', '10', '星期四', '1ebbf1f6-ff2f-454a-ab1d-c8735cf1cfdf');
INSERT INTO `we_sys_dayweatherinfo` VALUES ('3b096bd4-a2f5-4c6f-9494-01c570b1558e', '101', '100', '2015-10-17', '178', '无持续风向', '26', '0.0', '0', '1016', '微风', '4', '06:20', '17:36', '24', '13', '多云', '晴', 'images/duoyun.png', '10', '星期六', '97d962ec-aeec-45d4-b9ca-191d3b12d0f1');
INSERT INTO `we_sys_dayweatherinfo` VALUES ('3c2ed5f8-c7e8-4e20-b1b1-e5f7f95b8c9f', '101', '100', '2015-10-13', '203', '无持续风向', '17', '0.0', '0', '1021', '微风', '4', '06:17', '17:41', '25', '10', '多云', '晴', 'images/duoyun.png', '10', '星期二', '71147a0f-6fba-4e15-a6e7-f29099056b55');
INSERT INTO `we_sys_dayweatherinfo` VALUES ('3c3b1675-3ed9-42fb-83f2-4f7c3c60edee', '101', '101', '2015-10-14', '200', '无持续风向', '21', '0.0', '0', '1018', '微风', '11', '06:18', '17:40', '25', '13', '多云', '多云', 'images/duoyun.png', '10', '星期三', '69f9f736-24bf-499a-bafb-418e3a87a0ec');
INSERT INTO `we_sys_dayweatherinfo` VALUES ('3cd20e3e-2aa3-4746-9e6e-002c76b8d906', '101', '100', '2015-10-14', '197', '无持续风向', '20', '0.0', '0', '1017', '微风', '4', '06:18', '17:40', '26', '12', '多云', '晴', 'images/duoyun.png', '10', '星期三', 'ba8c15ba-41f4-40e9-abfb-a81a2dcb0324');
INSERT INTO `we_sys_dayweatherinfo` VALUES ('3d0123aa-3192-4da2-ba87-8ecd34dd756b', '100', '100', '2015-10-15', '1', '北风', '28', '0.0', '0', '1016', '微风', '7', '06:19', '17:38', '28', '10', '晴', '晴', 'images/qing.png', '10', '星期四', 'f377f019-0348-4d84-a93a-0ed0b2706a2d');
INSERT INTO `we_sys_dayweatherinfo` VALUES ('3ddf581e-3a9f-4978-adb4-f44633f6f55e', '101', '101', '2015-10-17', '183', '无持续风向', '26', '0.0', '0', '1016', '微风', '4', '06:20', '17:36', '28', '14', '多云', '多云', 'images/duoyun.png', '10', '星期六', '0d1be87e-2d44-44b6-ba0d-e920994f72b2');
INSERT INTO `we_sys_dayweatherinfo` VALUES ('3e0eb14d-a77d-4988-afeb-c47b86805c7b', '100', '100', '2015-10-19', '147', '无持续风向', '25', '0.0', '0', '1016', '微风', '4', '06:22', '17:33', '26', '15', '晴', '晴', 'images/qing.png', '10', '星期一', '2792d049-e8e0-49a1-a988-4efc974f61be');
INSERT INTO `we_sys_dayweatherinfo` VALUES ('3ea396f0-18a6-45e3-ac11-d61706339a7e', '101', '101', '2015-10-17', '169', '无持续风向', '31', '0.0', '0', '1016', '微风', '7', '06:20', '17:36', '28', '14', '多云', '多云', 'images/duoyun.png', '10', '星期六', '1ebbf1f6-ff2f-454a-ab1d-c8735cf1cfdf');
INSERT INTO `we_sys_dayweatherinfo` VALUES ('3fcf59e8-8714-418a-840f-81458f990a18', '101', '100', '2015-10-17', '182', '无持续风向', '29', '0.0', '0', '1017', '微风', '7', '06:20', '17:36', '24', '13', '多云', '晴', 'images/duoyun.png', '10', '星期六', 'dfd10274-dc82-4f34-bbd7-8fd758890ae5');
INSERT INTO `we_sys_dayweatherinfo` VALUES ('404456be-4fe9-4c70-8e11-31465162673e', '100', '100', '2015-10-17', '191', '无持续风向', '28', '0.0', '0', '1018', '微风', '11', '06:20', '17:36', '27', '14', '晴', '晴', 'images/qing.png', '10', '星期六', 'c50b611e-6dc2-47df-9f06-d7c1a64d2931');
INSERT INTO `we_sys_dayweatherinfo` VALUES ('40c87486-1557-4668-8030-061686a3bbd4', '100', '100', '2015-09-27', '131', '无持续风向', '18', '0.0', '1', '1014', '微风', '4', '06:04', '18:03', '28', '18', '晴', '晴', 'images/qing.png', '10', '星期日', '8d23507d-9c63-4bac-bbfc-59914cc07a81');
INSERT INTO `we_sys_dayweatherinfo` VALUES ('416133a0-8487-406d-af6d-b3058b8b1202', '101', '300', '2015-09-22', '164', '南风', '44', '1.5', '70', '1011', '微风', '4', '06:00', '18:11', '28', '18', '多云', '阵雨', 'images/duoyun.png', '10', '星期二', '05a3b4ac-1fd3-47e3-a9fa-9e4f66cbaf15');
INSERT INTO `we_sys_dayweatherinfo` VALUES ('41d168a5-6bfd-4bf7-b132-e85765de1153', '100', '100', '2015-10-19', '147', '无持续风向', '25', '0.0', '0', '1016', '微风', '4', '06:22', '17:33', '26', '15', '晴', '晴', 'images/qing.png', '10', '星期一', '6b291c64-06d5-4965-b535-488f8d011865');
INSERT INTO `we_sys_dayweatherinfo` VALUES ('42f8b5df-5338-49d3-b701-e24c175a0079', '101', '300', '2015-09-22', '164', '南风', '44', '1.5', '70', '1011', '微风', '4', '06:00', '18:11', '28', '18', '多云', '阵雨', 'images/duoyun.png', '10', '星期二', 'c3278f94-6e0f-4ead-a27e-374c09465276');
INSERT INTO `we_sys_dayweatherinfo` VALUES ('4397a032-0b55-408c-9a81-6332b9f99ebe', '101', '100', '2015-10-14', '203', '无持续风向', '18', '0.0', '0', '1019', '微风', '7', '06:18', '17:40', '26', '14', '多云', '晴', 'images/duoyun.png', '10', '星期三', '6300d30d-7c05-4709-b0c9-b870d90e00c7');
INSERT INTO `we_sys_dayweatherinfo` VALUES ('43cc544b-bdf6-4fff-82b8-dec615855c83', '101', '100', '2015-10-16', '43', '无持续风向', '20', '0.0', '0', '1018', '微风', '11', '06:19', '17:37', '28', '11', '多云', '晴', 'images/duoyun.png', '10', '星期五', 'c0f4f0ee-dec1-4b38-81c6-09964fb630c5');
INSERT INTO `we_sys_dayweatherinfo` VALUES ('440e1b1d-6b6f-4877-bf27-ba5a4653fbb4', '100', '100', '2015-10-15', '229', '无持续风向', '27', '0.0', '0', '1016', '微风', '4', '06:19', '17:38', '27', '13', '晴', '晴', 'images/qing.png', '10', '星期四', 'b411b524-5a8d-4e25-ad6c-25aa9aa9bb04');
INSERT INTO `we_sys_dayweatherinfo` VALUES ('44ab6247-98b6-4e6d-a33e-f185849a9ce8', '100', '101', '2015-10-20', '150', '无持续风向', '30', '0.0', '0', '1015', '微风', '4', '06:23', '17:32', '26', '15', '晴', '多云', 'images/qing.png', '10', '星期二', '2792d049-e8e0-49a1-a988-4efc974f61be');
INSERT INTO `we_sys_dayweatherinfo` VALUES ('464495ad-c0a7-4027-8533-e9161bdc557b', '100', '101', '2015-10-18', '56', '无持续风向', '28', '0.0', '0', '1020', '微风', '7', '06:21', '17:34', '26', '15', '晴', '多云', 'images/qing.png', '10', '星期日', '4a3b6c50-4402-43b6-b0e8-ab10128c275e');
INSERT INTO `we_sys_dayweatherinfo` VALUES ('46bd930b-6bb5-42bd-9eef-ccb2df4f5fd3', '100', '100', '2015-10-19', '243', '无持续风向', '38', '0.0', '0', '1016', '微风', '4', '06:22', '17:33', '26', '15', '晴', '晴', 'images/qing.png', '10', '星期一', '8801860c-99dc-43b9-bee2-66686e2f9ff2');
INSERT INTO `we_sys_dayweatherinfo` VALUES ('47ff6db5-ca3b-4679-b1ab-195c7f8c1027', '100', '100', '2015-10-16', '125', '无持续风向', '24', '0.0', '0', '1018', '微风', '4', '06:19', '17:37', '27', '13', '晴', '晴', 'images/qing.png', '10', '星期五', '978b086a-5382-4552-b95b-c759bc7619dc');
INSERT INTO `we_sys_dayweatherinfo` VALUES ('4863539b-a22d-4b6f-8816-105b2e4de649', '100', '100', '2015-10-14', '204', '无持续风向', '21', '0.0', '0', '1018', '微风', '14', '06:18', '17:40', '26', '13', '晴', '晴', 'images/qing.png', '10', '星期三', 'e4551817-b109-4ad0-9525-ad004d91d100');
INSERT INTO `we_sys_dayweatherinfo` VALUES ('4918d597-bcb1-45a5-ae24-d8f4251f578e', '100', '100', '2015-10-16', '125', '无持续风向', '24', '0.0', '0', '1018', '微风', '4', '06:19', '17:37', '27', '13', '晴', '晴', 'images/qing.png', '10', '星期五', 'ccfc76c5-6669-4372-8007-0705a8a014f3');
INSERT INTO `we_sys_dayweatherinfo` VALUES ('4a001893-e68f-4f66-af55-dc5faa1d7c67', '100', '100', '2015-10-17', '182', '无持续风向', '29', '0.0', '0', '1017', '微风', '9', '06:20', '17:36', '27', '12', '晴', '晴', 'images/qing.png', '10', '星期六', 'd5eab9bd-91e4-40a9-a370-4beeaffeb3ae');
INSERT INTO `we_sys_dayweatherinfo` VALUES ('4a89cc66-3757-40d2-969b-588c3b9cb113', '101', '101', '2015-10-14', '200', '无持续风向', '21', '0.0', '0', '1018', '微风', '11', '06:18', '17:40', '25', '13', '多云', '多云', 'images/duoyun.png', '10', '星期三', '37b62595-c596-47d2-aa85-affcacde22b5');
INSERT INTO `we_sys_dayweatherinfo` VALUES ('4c046cd9-a534-4d16-97fc-53055571823a', '101', '100', '2015-10-21', '147', '无持续风向', '28', '0.0', '0', '1017', '微风', '7', '06:24', '17:31', '24', '15', '多云', '晴', 'images/duoyun.png', '10', '星期三', 'f377f019-0348-4d84-a93a-0ed0b2706a2d');
INSERT INTO `we_sys_dayweatherinfo` VALUES ('4ccfc36e-2664-4d01-8822-51771239da71', '100', '100', '2015-10-16', '173', '无持续风向', '23', '0.0', '0', '1017', '微风', '4', '06:19', '17:37', '28', '15', '晴', '晴', 'images/qing.png', '10', '星期五', 'ba8c15ba-41f4-40e9-abfb-a81a2dcb0324');
INSERT INTO `we_sys_dayweatherinfo` VALUES ('4ce6456b-066d-42bf-9d32-f7af35b5412e', '100', '100', '2015-10-16', '171', '无持续风向', '25', '0.0', '0', '1018', '微风', '4', '06:19', '17:37', '28', '14', '晴', '晴', 'images/qing.png', '10', '星期五', '0eb20599-8c3a-477b-bd2c-1cf53883f82a');
INSERT INTO `we_sys_dayweatherinfo` VALUES ('4d34fcb4-f887-4e4c-b758-f819884287a9', '100', '101', '2015-10-15', '202', '无持续风向', '25', '0.0', '0', '1016', '微风', '11', '06:19', '17:38', '26', '12', '晴', '多云', 'images/qing.png', '10', '星期四', '040a0a72-be00-4f7a-909d-43b07e68eccb');
INSERT INTO `we_sys_dayweatherinfo` VALUES ('4d894bcb-2ae7-44e5-9237-e3c7e3befe61', '100', '100', '2015-10-15', '51', '无持续风向', '22', '0.0', '0', '1016', '微风', '4', '06:19', '17:38', '27', '13', '晴', '晴', 'images/qing.png', '10', '星期四', '71147a0f-6fba-4e15-a6e7-f29099056b55');
INSERT INTO `we_sys_dayweatherinfo` VALUES ('4e02d806-a8a1-4455-a111-10f395b94bc4', '101', '100', '2015-10-15', '343', '无持续风向', '25', '0.0', '0', '1016', '微风', '4', '06:19', '17:38', '26', '12', '多云', '晴', 'images/duoyun.png', '10', '星期四', 'd6be07ca-b1e5-4509-b1d5-623717739ac9');
INSERT INTO `we_sys_dayweatherinfo` VALUES ('4ec61679-506e-4370-927b-e3b4891740ff', '100', '100', '2015-10-16', '125', '无持续风向', '24', '0.0', '0', '1018', '微风', '4', '06:19', '17:37', '27', '13', '晴', '晴', 'images/qing.png', '10', '星期五', '3a73898d-f5b1-4228-9e4a-9205e09c6afb');
INSERT INTO `we_sys_dayweatherinfo` VALUES ('4f697b8c-cfe0-45aa-8726-dc6c29459c8f', '101', '100', '2015-10-13', '203', '无持续风向', '17', '0.0', '0', '1021', '微风', '4', '06:17', '17:41', '25', '10', '多云', '晴', 'images/duoyun.png', '10', '星期二', '0d1be87e-2d44-44b6-ba0d-e920994f72b2');
INSERT INTO `we_sys_dayweatherinfo` VALUES ('4fb7cd67-9d9a-4224-bd0d-548f599cf0b4', '101', '101', '2015-10-14', '195', '南风', '20', '0.0', '0', '1017', '微风', '4', '06:18', '17:40', '27', '10', '多云', '多云', 'images/duoyun.png', '10', '星期三', '0eb20599-8c3a-477b-bd2c-1cf53883f82a');
INSERT INTO `we_sys_dayweatherinfo` VALUES ('503087b5-4d29-48da-b36d-b5659f873243', '101', '100', '2015-10-14', '197', '无持续风向', '22', '0.0', '0', '1016', '微风', '11', '06:18', '17:40', '27', '11', '多云', '晴', 'images/duoyun.png', '10', '星期三', 'c50b611e-6dc2-47df-9f06-d7c1a64d2931');
INSERT INTO `we_sys_dayweatherinfo` VALUES ('5059a750-4415-4fc1-9287-91e6b32e45b3', '101', '100', '2015-10-14', '196', '无持续风向', '20', '0.0', '0', '1017', '微风', '4', '06:18', '17:40', '26', '12', '多云', '晴', 'images/duoyun.png', '10', '星期三', 'b411b524-5a8d-4e25-ad6c-25aa9aa9bb04');
INSERT INTO `we_sys_dayweatherinfo` VALUES ('50e4d784-51dc-4d83-acd8-1c9d73c0f492', '101', '101', '2015-09-23', '51', '南风', '41', '0.0', '0', '1009', '微风', '4', '06:01', '18:09', '29', '19', '多云', '多云', 'images/duoyun.png', '10', '星期三', '30382c9c-8088-447a-b604-4267fe87461d');
INSERT INTO `we_sys_dayweatherinfo` VALUES ('51051fea-059a-47bd-900a-bbce5f64b778', '100', '101', '2015-10-13', '199', '南风', '16', '0.0', '0', '1021', '微风', '7', '06:17', '17:41', '26', '11', '晴', '多云', 'images/qing.png', '10', '星期二', '9004e631-74f7-4ba0-aa4c-3ab0d43eb8db');
INSERT INTO `we_sys_dayweatherinfo` VALUES ('5129f12f-9b8b-4a95-9bc5-42eb914bd03d', '100', '100', '2015-10-15', '51', '无持续风向', '22', '0.0', '0', '1016', '微风', '4', '06:19', '17:38', '27', '13', '晴', '晴', 'images/qing.png', '10', '星期四', '0d1be87e-2d44-44b6-ba0d-e920994f72b2');
INSERT INTO `we_sys_dayweatherinfo` VALUES ('53a90b9f-8c14-4c53-ac8a-f92246c631d5', '100', '100', '2015-10-17', '185', '无持续风向', '29', '0.0', '0', '1018', '微风', '15', '06:20', '17:36', '26', '14', '晴', '晴', 'images/qing.png', '10', '星期六', 'd6bdba54-752b-4f62-beb1-f02622b11619');
INSERT INTO `we_sys_dayweatherinfo` VALUES ('53d5e302-f62c-4932-b80e-d2f4110d3142', '100', '100', '2015-10-16', '148', '无持续风向', '22', '0.0', '0', '1018', '微风', '4', '06:19', '17:37', '27', '12', '晴', '晴', 'images/qing.png', '10', '星期五', '8dd107b6-6144-4450-b42f-2dbd104b433b');
INSERT INTO `we_sys_dayweatherinfo` VALUES ('54121545-6171-4aba-b3f5-f145948bc8e0', '100', '100', '2015-10-17', '191', '无持续风向', '28', '0.0', '0', '1018', '微风', '11', '06:20', '17:36', '27', '14', '晴', '晴', 'images/qing.png', '10', '星期六', 'c0f4f0ee-dec1-4b38-81c6-09964fb630c5');
INSERT INTO `we_sys_dayweatherinfo` VALUES ('545869e6-74c4-4348-91a9-6ce5f5bd9b34', '100', '100', '2015-10-16', '175', '无持续风向', '24', '0.0', '0', '1018', '微风', '7', '06:19', '17:37', '28', '15', '晴', '晴', 'images/qing.png', '10', '星期五', '6300d30d-7c05-4709-b0c9-b870d90e00c7');
INSERT INTO `we_sys_dayweatherinfo` VALUES ('580eb8f8-3960-4bca-b85c-650b54a1a55a', '100', '100', '2015-10-16', '175', '无持续风向', '22', '0.0', '0', '1018', '微风', '9', '06:19', '17:37', '27', '12', '晴', '晴', 'images/qing.png', '10', '星期五', 'd5eab9bd-91e4-40a9-a370-4beeaffeb3ae');
INSERT INTO `we_sys_dayweatherinfo` VALUES ('58d54107-6506-4942-afa8-0661eeb70c9b', '101', '101', '2015-10-14', '193', '南风', '20', '0.0', '0', '1017', '微风', '7', '06:18', '17:40', '25', '11', '多云', '多云', 'images/duoyun.png', '10', '星期三', 'dfd10274-dc82-4f34-bbd7-8fd758890ae5');
INSERT INTO `we_sys_dayweatherinfo` VALUES ('591d434d-00bf-475f-8b14-ee9ef0ba19b2', '100', '100', '2015-10-16', '184', '无持续风向', '22', '0.0', '0', '1017', '微风', '4', '06:19', '17:37', '28', '15', '晴', '晴', 'images/qing.png', '10', '星期五', 'b411b524-5a8d-4e25-ad6c-25aa9aa9bb04');
INSERT INTO `we_sys_dayweatherinfo` VALUES ('5a6cb104-5a5f-47b7-ac3b-bcb32fe24592', '101', '300', '2015-09-22', '164', '南风', '44', '1.5', '70', '1011', '微风', '4', '06:00', '18:11', '28', '18', '多云', '阵雨', 'images/duoyun.png', '10', '星期二', 'e1c44614-22bb-40d8-9db2-ce03556fc806');
INSERT INTO `we_sys_dayweatherinfo` VALUES ('5b32ad72-dd2e-4f8d-93b5-ae1249581cde', '100', '100', '2015-10-16', '173', '无持续风向', '23', '0.0', '0', '1017', '微风', '4', '06:19', '17:37', '28', '15', '晴', '晴', 'images/qing.png', '10', '星期五', '0d1be87e-2d44-44b6-ba0d-e920994f72b2');
INSERT INTO `we_sys_dayweatherinfo` VALUES ('5b52ca9d-213c-41c8-b322-f0af0df6f68b', '101', '101', '2015-10-18', '84', '无持续风向', '28', '0.0', '0', '1020', '微风', '4', '06:21', '17:34', '25', '14', '多云', '多云', 'images/duoyun.png', '10', '星期日', '8dd107b6-6144-4450-b42f-2dbd104b433b');
INSERT INTO `we_sys_dayweatherinfo` VALUES ('5b7c18dc-eee3-4abc-8690-28f993427911', '101', '100', '2015-10-17', '178', '无持续风向', '26', '0.0', '0', '1016', '微风', '4', '06:20', '17:36', '24', '13', '多云', '晴', 'images/duoyun.png', '10', '星期六', 'a7a5d3f9-bff1-4f11-b54c-e3c05ddd3b9e');
INSERT INTO `we_sys_dayweatherinfo` VALUES ('5bfdfa84-f484-41d5-93d6-c8e958cc2771', '101', '101', '2015-10-18', '58', '无持续风向', '28', '0.0', '0', '1020', '微风', '11', '06:21', '17:34', '26', '15', '多云', '多云', 'images/duoyun.png', '10', '星期日', '4ccc3e88-7bd3-487b-9988-7a74fa271fb0');
INSERT INTO `we_sys_dayweatherinfo` VALUES ('5c33a8e5-6ed3-4ca6-bf71-d3862dc474f9', '100', '101', '2015-10-20', '164', '无持续风向', '25', '0.0', '0', '1014', '微风', '9', '06:23', '17:32', '26', '15', '晴', '多云', 'images/qing.png', '10', '星期二', 'd5eab9bd-91e4-40a9-a370-4beeaffeb3ae');
INSERT INTO `we_sys_dayweatherinfo` VALUES ('5c664a04-74c8-407c-831e-d7a0a9ecf47f', '100', '101', '2015-10-18', '123', '无持续风向', '31', '0.0', '0', '1018', '微风', '4', '06:21', '17:34', '23', '15', '晴', '多云', 'images/qing.png', '10', '星期日', '97d962ec-aeec-45d4-b9ca-191d3b12d0f1');
INSERT INTO `we_sys_dayweatherinfo` VALUES ('5d0fe3ca-e4ec-4076-af46-a7664d095269', '100', '100', '2015-10-19', '243', '无持续风向', '38', '0.0', '0', '1016', '微风', '4', '06:22', '17:33', '26', '15', '晴', '晴', 'images/qing.png', '10', '星期一', '0eb20599-8c3a-477b-bd2c-1cf53883f82a');
INSERT INTO `we_sys_dayweatherinfo` VALUES ('5e92416c-89c4-4b1d-8813-4913961fdea6', '100', '100', '2015-10-10', '324', '北风', '18', '0.0', '0', '1018', '3-4', '7', '06:14', '17:45', '19', '7', '晴', '晴', 'images/qing.png', '10', '星期六', 'e2caa130-4580-436c-b647-aa5a2667fbde');
INSERT INTO `we_sys_dayweatherinfo` VALUES ('5fb5f99c-28b5-4c21-b592-346c5f491c39', '101', '101', '2015-10-19', '192', '无持续风向', '35', '0.0', '0', '1016', '微风', '7', '06:22', '17:33', '26', '15', '多云', '多云', 'images/duoyun.png', '10', '星期一', '9004e631-74f7-4ba0-aa4c-3ab0d43eb8db');
INSERT INTO `we_sys_dayweatherinfo` VALUES ('5fc1980d-0be3-4d7d-a91a-65878ba07663', '100', '100', '2015-10-17', '184', '无持续风向', '28', '0.0', '0', '1017', '微风', '4', '06:20', '17:36', '27', '14', '晴', '晴', 'images/qing.png', '10', '星期六', '0eb20599-8c3a-477b-bd2c-1cf53883f82a');
INSERT INTO `we_sys_dayweatherinfo` VALUES ('629ce100-c4d8-46a5-a753-b38fb6a91625', '305', '104', '2015-09-24', '115', '无持续风向', '42', '0.0', '39', '1009', '微风', '4', '06:02', '18:08', '25', '20', '小雨', '阴', 'images/xiaoyu.png', '10', '星期四', '30382c9c-8088-447a-b604-4267fe87461d');
INSERT INTO `we_sys_dayweatherinfo` VALUES ('6464990a-85de-4e8c-a4a8-da74f591ca54', '100', '101', '2015-09-26', '89', '无持续风向', '32', '0.0', '0', '1012', '微风', '4', '06:03', '18:05', '29', '18', '晴', '多云', 'images/qing.png', '10', '星期六', '8d23507d-9c63-4bac-bbfc-59914cc07a81');
INSERT INTO `we_sys_dayweatherinfo` VALUES ('64ce085b-3b31-4647-8118-a561908dbbc7', '100', '100', '2015-10-15', '1', '北风', '28', '0.0', '0', '1016', '微风', '7', '06:19', '17:38', '28', '10', '晴', '晴', 'images/qing.png', '10', '星期四', '4a3b6c50-4402-43b6-b0e8-ab10128c275e');
INSERT INTO `we_sys_dayweatherinfo` VALUES ('65b26ff1-0884-43c1-8e52-77210b469256', '101', '101', '2015-10-21', '143', '无持续风向', '32', '0.0', '0', '1016', '微风', '4', '06:24', '17:31', '24', '15', '多云', '多云', 'images/duoyun.png', '10', '星期三', '20a31c2b-fc46-4ac0-bee1-2207e3b226f9');
INSERT INTO `we_sys_dayweatherinfo` VALUES ('66541ad3-0292-4a60-983a-4d10cbeec7ad', '100', '100', '2015-10-19', '151', '无持续风向', '36', '0.0', '0', '1017', '微风', '4', '06:22', '17:33', '26', '15', '晴', '晴', 'images/qing.png', '10', '星期一', '8dd107b6-6144-4450-b42f-2dbd104b433b');
INSERT INTO `we_sys_dayweatherinfo` VALUES ('666a557e-39ec-4e90-aeca-4d705700a3d3', '101', '101', '2015-09-23', '51', '南风', '41', '0.0', '0', '1009', '微风', '4', '06:01', '18:09', '29', '19', '多云', '多云', 'images/duoyun.png', '10', '星期三', 'dc0dbb0c-0f76-4544-bd61-1a65c3ee80e5');
INSERT INTO `we_sys_dayweatherinfo` VALUES ('66dc0029-bf8b-4915-b773-bff1317b8494', '100', '100', '2015-10-18', '16', '无持续风向', '31', '0.0', '0', '1019', '微风', '4', '06:21', '17:34', '27', '14', '晴', '晴', 'images/qing.png', '10', '星期日', '71147a0f-6fba-4e15-a6e7-f29099056b55');
INSERT INTO `we_sys_dayweatherinfo` VALUES ('6768f0c1-f4cf-40b7-b85a-2b52182f3d21', '100', '100', '2015-10-11', '314', '北风', '19', '0.0', '0', '1019', '3-4', '11', '06:15', '17:44', '21', '6', '晴', '晴', 'images/qing.png', '10', '星期日', '69f9f736-24bf-499a-bafb-418e3a87a0ec');
INSERT INTO `we_sys_dayweatherinfo` VALUES ('677526ad-c073-4d1c-9b30-8b3cd52e3691', '100', '101', '2015-10-15', '202', '无持续风向', '25', '0.0', '0', '1016', '微风', '11', '06:19', '17:38', '26', '12', '晴', '多云', 'images/qing.png', '10', '星期四', '69f9f736-24bf-499a-bafb-418e3a87a0ec');
INSERT INTO `we_sys_dayweatherinfo` VALUES ('681521d1-79e0-4bfc-91c3-64e0c9ecc963', '100', '100', '2015-10-11', '322', '北风', '22', '0.0', '0', '1019', '微风', '7', '06:15', '17:44', '22', '6', '晴', '晴', 'images/qing.png', '10', '星期日', '1ebbf1f6-ff2f-454a-ab1d-c8735cf1cfdf');
INSERT INTO `we_sys_dayweatherinfo` VALUES ('689cec8f-11fd-458a-8d9e-35da44f6638a', '101', '101', '2015-09-21', '165', '南风', '36', '0.0', '0', '1011', '微风', '4', '05:59', '18:12', '29', '17', '多云', '多云', 'images/duoyun.png', '10', '星期一', '3dbc7e93-e5ca-4606-a44d-42f43d499e2a');
INSERT INTO `we_sys_dayweatherinfo` VALUES ('68e91586-96a3-42bb-82b9-89e6f0a6285a', '101', '101', '2015-10-18', '92', '无持续风向', '27', '0.0', '0', '1019', '微风', '4', '06:21', '17:34', '25', '14', '多云', '多云', 'images/duoyun.png', '10', '星期日', 'ccfc76c5-6669-4372-8007-0705a8a014f3');
INSERT INTO `we_sys_dayweatherinfo` VALUES ('6aae8077-bde8-4626-9267-4c832e1f3bf8', '101', '101', '2015-10-18', '84', '无持续风向', '28', '0.0', '0', '1020', '微风', '4', '06:21', '17:34', '25', '14', '多云', '多云', 'images/duoyun.png', '10', '星期日', '20a31c2b-fc46-4ac0-bee1-2207e3b226f9');
INSERT INTO `we_sys_dayweatherinfo` VALUES ('6abc1cd7-c6f3-44b6-8c2e-4d6a45b0c246', '101', '100', '2015-10-12', '331', '无持续风向', '18', '0.0', '0', '1022', '微风', '4', '06:16', '17:42', '24', '7', '多云', '晴', 'images/duoyun.png', '10', '星期一', '0d1be87e-2d44-44b6-ba0d-e920994f72b2');
INSERT INTO `we_sys_dayweatherinfo` VALUES ('6bf744bf-fc5f-48d5-84c6-a65c0e187d2a', '101', '101', '2015-10-14', '200', '无持续风向', '21', '0.0', '0', '1018', '微风', '11', '06:18', '17:40', '25', '13', '多云', '多云', 'images/duoyun.png', '10', '星期三', '43201297-f8ee-4025-add1-d9eab2862d49');
INSERT INTO `we_sys_dayweatherinfo` VALUES ('6cdf4c1d-6d0c-4ec6-8430-e72786fab836', '100', '100', '2015-10-15', '68', '北风', '28', '0.0', '0', '1016', '微风', '4', '06:19', '17:38', '26', '8', '晴', '晴', 'images/qing.png', '10', '星期四', 'cc663d03-3cfd-439b-9203-bf0b99b43a85');
INSERT INTO `we_sys_dayweatherinfo` VALUES ('6da842be-8366-4dcd-84f4-7cde75dae5fc', '100', '101', '2015-09-26', '89', '无持续风向', '32', '0.0', '0', '1012', '微风', '4', '06:03', '18:05', '29', '18', '晴', '多云', 'images/qing.png', '10', '星期六', 'e1c44614-22bb-40d8-9db2-ce03556fc806');
INSERT INTO `we_sys_dayweatherinfo` VALUES ('72a1c158-c32f-42e8-9f57-c8d3eb749453', '100', '101', '2015-10-14', '191', '南风', '20', '0.0', '0', '1017', '微风', '4', '06:18', '17:40', '28', '12', '晴', '多云', 'images/qing.png', '10', '星期三', 'd6be07ca-b1e5-4509-b1d5-623717739ac9');
INSERT INTO `we_sys_dayweatherinfo` VALUES ('73287a70-f7f8-45e4-9626-79258ec7794b', '100', '100', '2015-10-11', '322', '北风', '22', '0.0', '0', '1019', '微风', '7', '06:15', '17:44', '22', '6', '晴', '晴', 'images/qing.png', '10', '星期日', '6300d30d-7c05-4709-b0c9-b870d90e00c7');
INSERT INTO `we_sys_dayweatherinfo` VALUES ('73ae697d-5b7e-478e-960c-7d25d68c4d85', '101', '101', '2015-10-14', '213', '无持续风向', '21', '0.0', '0', '1019', '微风', '7', '06:18', '17:40', '25', '13', '多云', '多云', 'images/duoyun.png', '10', '星期三', '4d4e5d4a-097c-4b93-bf9c-7792cc9f75a2');
INSERT INTO `we_sys_dayweatherinfo` VALUES ('74547820-34d1-4cd0-86a5-b185f71bf2c6', '101', '101', '2015-10-18', '92', '无持续风向', '27', '0.0', '0', '1019', '微风', '4', '06:21', '17:34', '25', '14', '多云', '多云', 'images/duoyun.png', '10', '星期日', '3a73898d-f5b1-4228-9e4a-9205e09c6afb');
INSERT INTO `we_sys_dayweatherinfo` VALUES ('754ae76c-7952-4105-a60a-ed99e09d8c07', '101', '101', '2015-10-18', '72', '无持续风向', '27', '0.0', '0', '1019', '微风', '9', '06:21', '17:34', '25', '14', '多云', '多云', 'images/duoyun.png', '10', '星期日', 'd5eab9bd-91e4-40a9-a370-4beeaffeb3ae');
INSERT INTO `we_sys_dayweatherinfo` VALUES ('75503880-7a64-4c7b-89d1-cac91768d8b0', '100', '100', '2015-10-19', '147', '无持续风向', '25', '0.0', '0', '1016', '微风', '4', '06:22', '17:33', '26', '15', '晴', '晴', 'images/qing.png', '10', '星期一', 'ccfc76c5-6669-4372-8007-0705a8a014f3');
INSERT INTO `we_sys_dayweatherinfo` VALUES ('75dc6505-7f80-4460-9b77-6a1f8789de84', '100', '100', '2015-10-16', '192', '无持续风向', '24', '0.0', '0', '1017', '微风', '11', '06:19', '17:37', '27', '14', '晴', '晴', 'images/qing.png', '10', '星期五', '040a0a72-be00-4f7a-909d-43b07e68eccb');
INSERT INTO `we_sys_dayweatherinfo` VALUES ('774cfa8c-1800-4d83-b28b-751c1b2152d7', '101', '100', '2015-10-13', '203', '无持续风向', '17', '0.0', '0', '1021', '微风', '4', '06:17', '17:41', '25', '10', '多云', '晴', 'images/duoyun.png', '10', '星期二', '8977b5b4-7db1-4131-a180-29f07fba47ab');
INSERT INTO `we_sys_dayweatherinfo` VALUES ('77e27ada-fa50-44e4-bee9-3c0524f38a06', '101', '100', '2015-10-15', '29', '北风', '27', '0.0', '0', '1016', '微风', '9', '06:19', '17:38', '26', '10', '多云', '晴', 'images/duoyun.png', '10', '星期四', '7a856cb3-5b40-4a67-a5d0-a1230768bcfd');
INSERT INTO `we_sys_dayweatherinfo` VALUES ('79ade095-51d7-4a53-ad00-48f33e27b20f', '101', '101', '2015-10-14', '196', '东南风', '21', '0.0', '0', '1018', '微风', '4', '06:18', '17:40', '25', '12', '多云', '多云', 'images/duoyun.png', '10', '星期三', '97d962ec-aeec-45d4-b9ca-191d3b12d0f1');
INSERT INTO `we_sys_dayweatherinfo` VALUES ('7a537a87-9c19-4cfd-a784-895d663f2e84', '100', '101', '2015-09-26', '89', '无持续风向', '32', '0.0', '0', '1012', '微风', '4', '06:03', '18:05', '29', '18', '晴', '多云', 'images/qing.png', '10', '星期六', 'beeca77c-46dd-42d8-915a-a5a33863bb61');
INSERT INTO `we_sys_dayweatherinfo` VALUES ('7bdb0914-b41b-4162-aaea-fdb155c4cccd', '100', '101', '2015-10-20', '164', '无持续风向', '25', '0.0', '0', '1014', '微风', '9', '06:23', '17:32', '26', '15', '晴', '多云', 'images/qing.png', '10', '星期二', '7a856cb3-5b40-4a67-a5d0-a1230768bcfd');
INSERT INTO `we_sys_dayweatherinfo` VALUES ('7bf51f14-c3ff-424d-a3d2-aade6c0744a2', '101', '100', '2015-09-25', '55', '无持续风向', '38', '0.0', '19', '1009', '微风', '4', '06:02', '18:06', '28', '18', '多云', '晴', 'images/duoyun.png', '10', '星期五', '30382c9c-8088-447a-b604-4267fe87461d');
INSERT INTO `we_sys_dayweatherinfo` VALUES ('7c08fe12-bbe9-4951-aca6-89480742431a', '100', '101', '2015-10-18', '69', '无持续风向', '27', '0.0', '0', '1019', '微风', '7', '06:21', '17:34', '23', '15', '晴', '多云', 'images/qing.png', '10', '星期日', 'e3f1ac1d-f5b5-4e71-bbaf-5b935378b6cb');
INSERT INTO `we_sys_dayweatherinfo` VALUES ('7c527ec5-eace-44d3-84db-6a46faedc9cf', '101', '101', '2015-10-17', '186', '南风', '29', '0.0', '0', '1018', '微风', '7', '06:20', '17:36', '27', '12', '多云', '多云', 'images/duoyun.png', '10', '星期六', '4a3b6c50-4402-43b6-b0e8-ab10128c275e');
INSERT INTO `we_sys_dayweatherinfo` VALUES ('7d16c2d7-a667-4149-810e-1faa0093838d', '101', '101', '2015-10-17', '188', '无持续风向', '26', '0.0', '0', '1016', '微风', '4', '06:20', '17:36', '28', '14', '多云', '多云', 'images/duoyun.png', '10', '星期六', 'b411b524-5a8d-4e25-ad6c-25aa9aa9bb04');
INSERT INTO `we_sys_dayweatherinfo` VALUES ('7d2136b3-1ea1-458a-b876-199f14aa3b1a', '100', '100', '2015-10-13', '216', '南风', '18', '0.0', '0', '1022', '微风', '7', '06:17', '17:41', '25', '8', '晴', '晴', 'images/qing.png', '10', '星期二', '6300d30d-7c05-4709-b0c9-b870d90e00c7');
INSERT INTO `we_sys_dayweatherinfo` VALUES ('7dda7dc8-75e6-49e5-9b34-fac9a76fe751', '100', '100', '2015-10-15', '208', '无持续风向', '23', '0.0', '0', '1017', '微风', '7', '06:19', '17:38', '27', '13', '晴', '晴', 'images/qing.png', '10', '星期四', '6300d30d-7c05-4709-b0c9-b870d90e00c7');
INSERT INTO `we_sys_dayweatherinfo` VALUES ('7e668ccb-5413-438d-a0ca-04b2839bfcf3', '100', '101', '2015-10-13', '199', '南风', '16', '0.0', '0', '1021', '微风', '8', '06:17', '17:41', '26', '11', '晴', '多云', 'images/qing.png', '10', '星期二', '26c065b2-ed18-429c-877e-7ab41586af9d');
INSERT INTO `we_sys_dayweatherinfo` VALUES ('7fe73be9-deac-459d-a78b-39d81c2ab59a', '100', '100', '2015-10-12', '330', '南风', '19', '0.0', '0', '1023', '3-4', '7', '06:16', '17:42', '24', '10', '晴', '晴', 'images/qing.png', '10', '星期一', '4d4e5d4a-097c-4b93-bf9c-7792cc9f75a2');
INSERT INTO `we_sys_dayweatherinfo` VALUES ('80532dc9-80a9-4742-8a19-c3e7f6d36f2e', '100', '100', '2015-10-15', '51', '无持续风向', '22', '0.0', '0', '1016', '微风', '4', '06:19', '17:38', '27', '13', '晴', '晴', 'images/qing.png', '10', '星期四', '8977b5b4-7db1-4131-a180-29f07fba47ab');
INSERT INTO `we_sys_dayweatherinfo` VALUES ('80be591f-50aa-4197-a979-02cf06ae6b20', '100', '100', '2015-10-17', '182', '无持续风向', '29', '0.0', '0', '1017', '微风', '4', '06:20', '17:36', '27', '12', '晴', '晴', 'images/qing.png', '10', '星期六', '8dd107b6-6144-4450-b42f-2dbd104b433b');
INSERT INTO `we_sys_dayweatherinfo` VALUES ('8257987d-01e8-41fb-bd38-8a9f5769fa70', '101', '101', '2015-10-19', '192', '无持续风向', '35', '0.0', '0', '1016', '微风', '7', '06:22', '17:33', '26', '15', '多云', '多云', 'images/duoyun.png', '10', '星期一', 'dfd10274-dc82-4f34-bbd7-8fd758890ae5');
INSERT INTO `we_sys_dayweatherinfo` VALUES ('8266c194-1cfa-48df-9702-f944d5c8de6d', '100', '101', '2015-09-26', '89', '无持续风向', '32', '0.0', '0', '1012', '微风', '4', '06:03', '18:05', '29', '18', '晴', '多云', 'images/qing.png', '10', '星期六', 'c3278f94-6e0f-4ead-a27e-374c09465276');
INSERT INTO `we_sys_dayweatherinfo` VALUES ('82b4ad24-00d1-4d8c-a4c2-94d609c7efcf', '101', '101', '2015-10-18', '42', '无持续风向', '30', '0.0', '0', '1019', '微风', '4', '06:21', '17:34', '26', '15', '多云', '多云', 'images/duoyun.png', '10', '星期日', '0eb20599-8c3a-477b-bd2c-1cf53883f82a');
INSERT INTO `we_sys_dayweatherinfo` VALUES ('859f73db-9827-4942-9c52-27f5710349eb', '100', '100', '2015-10-19', '282', '无持续风向', '31', '0.0', '0', '1017', '微风', '7', '06:22', '17:33', '25', '14', '晴', '晴', 'images/qing.png', '10', '星期一', 'f377f019-0348-4d84-a93a-0ed0b2706a2d');
INSERT INTO `we_sys_dayweatherinfo` VALUES ('85afee14-c677-42e5-b345-cc1cf24c3fa5', '100', '100', '2015-10-17', '181', '无持续风向', '23', '0.0', '0', '1016', '微风', '11', '06:20', '17:36', '27', '14', '晴', '晴', 'images/qing.png', '10', '星期六', '37b62595-c596-47d2-aa85-affcacde22b5');
INSERT INTO `we_sys_dayweatherinfo` VALUES ('85c48899-c937-42e6-bbdd-4e31706d523a', '101', '101', '2015-10-21', '122', '无持续风向', '27', '0.0', '0', '1016', '微风', '9', '06:24', '17:31', '24', '15', '多云', '多云', 'images/duoyun.png', '10', '星期三', '7a856cb3-5b40-4a67-a5d0-a1230768bcfd');
INSERT INTO `we_sys_dayweatherinfo` VALUES ('87c69904-1ba9-49b8-a671-e8af2a1038be', '100', '100', '2015-10-16', '192', '无持续风向', '24', '0.0', '0', '1017', '微风', '11', '06:19', '17:37', '27', '14', '晴', '晴', 'images/qing.png', '10', '星期五', '37b62595-c596-47d2-aa85-affcacde22b5');
INSERT INTO `we_sys_dayweatherinfo` VALUES ('88bf4147-1ce5-4eff-a510-3a4a7f6d1ff3', '100', '100', '2015-10-12', '3', '西南风', '20', '0.0', '0', '1023', '3-4', '11', '06:16', '17:42', '24', '8', '晴', '晴', 'images/qing.png', '10', '星期一', '040a0a72-be00-4f7a-909d-43b07e68eccb');
INSERT INTO `we_sys_dayweatherinfo` VALUES ('88eb9ecc-126b-4d72-a566-b614b51c62a0', '100', '100', '2015-10-16', '175', '无持续风向', '24', '0.0', '0', '1018', '微风', '7', '06:19', '17:37', '28', '15', '晴', '晴', 'images/qing.png', '10', '星期五', '1ebbf1f6-ff2f-454a-ab1d-c8735cf1cfdf');
INSERT INTO `we_sys_dayweatherinfo` VALUES ('892ce3ea-e6e3-40c1-8941-5cbe73342ce9', '101', '101', '2015-10-21', '143', '无持续风向', '32', '0.0', '0', '1016', '微风', '4', '06:24', '17:31', '24', '15', '多云', '多云', 'images/duoyun.png', '10', '星期三', '37b7ea55-bc41-4c39-973e-0f0b137239f6');
INSERT INTO `we_sys_dayweatherinfo` VALUES ('8930fc54-3052-46ac-8344-998134cb76fd', '101', '101', '2015-10-21', '122', '无持续风向', '27', '0.0', '0', '1016', '微风', '9', '06:24', '17:31', '24', '15', '多云', '多云', 'images/duoyun.png', '10', '星期三', 'd5eab9bd-91e4-40a9-a370-4beeaffeb3ae');
INSERT INTO `we_sys_dayweatherinfo` VALUES ('898e5a7c-83b9-4b59-9e5e-532c7bf44040', '100', '100', '2015-10-13', '216', '南风', '18', '0.0', '0', '1022', '微风', '7', '06:17', '17:41', '25', '8', '晴', '晴', 'images/qing.png', '10', '星期二', 'bdcdbd4b-097a-4112-8a70-33bf9be5b1c0');
INSERT INTO `we_sys_dayweatherinfo` VALUES ('8996d6bd-b9a7-4d78-aac9-8527bbc8825f', '101', '100', '2015-10-17', '182', '无持续风向', '29', '0.0', '0', '1017', '微风', '7', '06:20', '17:36', '24', '13', '多云', '晴', 'images/duoyun.png', '10', '星期六', 'e3f1ac1d-f5b5-4e71-bbaf-5b935378b6cb');
INSERT INTO `we_sys_dayweatherinfo` VALUES ('8a35dd9a-1a5d-4b70-8b1b-af00142170e5', '100', '101', '2015-10-15', '202', '无持续风向', '25', '0.0', '0', '1016', '微风', '11', '06:19', '17:38', '26', '12', '晴', '多云', 'images/qing.png', '10', '星期四', '37b62595-c596-47d2-aa85-affcacde22b5');
INSERT INTO `we_sys_dayweatherinfo` VALUES ('8a9e5858-be50-4bdc-b4dd-ebb4ff45ca55', '305', '104', '2015-09-24', '115', '无持续风向', '42', '0.0', '39', '1009', '微风', '4', '06:02', '18:08', '25', '20', '小雨', '阴', 'images/xiaoyu.png', '10', '星期四', 'dc0dbb0c-0f76-4544-bd61-1a65c3ee80e5');
INSERT INTO `we_sys_dayweatherinfo` VALUES ('8ab8d8ae-e4c7-409f-b6db-f26d5b3ad342', '100', '100', '2015-09-27', '131', '无持续风向', '18', '0.0', '1', '1014', '微风', '4', '06:04', '18:03', '28', '18', '晴', '晴', 'images/qing.png', '10', '星期日', 'e1c44614-22bb-40d8-9db2-ce03556fc806');
INSERT INTO `we_sys_dayweatherinfo` VALUES ('8ac0d670-05ce-4acd-9c46-27dfd8f48d6a', '101', '300', '2015-09-22', '164', '南风', '44', '1.5', '70', '1011', '微风', '4', '06:00', '18:11', '28', '18', '多云', '阵雨', 'images/duoyun.png', '10', '星期二', 'beeca77c-46dd-42d8-915a-a5a33863bb61');
INSERT INTO `we_sys_dayweatherinfo` VALUES ('8b297849-de5a-416e-92b8-72639a005267', '101', '100', '2015-09-25', '55', '无持续风向', '38', '0.0', '19', '1009', '微风', '4', '06:02', '18:06', '28', '18', '多云', '晴', 'images/duoyun.png', '10', '星期五', '05a3b4ac-1fd3-47e3-a9fa-9e4f66cbaf15');
INSERT INTO `we_sys_dayweatherinfo` VALUES ('8b47c2e7-7347-4622-8a60-c5ba2ebd58df', '100', '100', '2015-10-16', '150', '南风', '22', '0.0', '0', '1018', '微风', '7', '06:19', '17:37', '27', '10', '晴', '晴', 'images/qing.png', '10', '星期五', '4a3b6c50-4402-43b6-b0e8-ab10128c275e');
INSERT INTO `we_sys_dayweatherinfo` VALUES ('8bd13786-dd22-4a68-8aca-f6bbc6fabe88', '100', '101', '2015-09-26', '89', '无持续风向', '32', '0.0', '0', '1012', '微风', '4', '06:03', '18:05', '29', '18', '晴', '多云', 'images/qing.png', '10', '星期六', '3dbc7e93-e5ca-4606-a44d-42f43d499e2a');
INSERT INTO `we_sys_dayweatherinfo` VALUES ('8c254ea3-172a-436f-85f9-0dc1d4db26e0', '100', '101', '2015-10-15', '195', '无持续风向', '23', '0.0', '0', '1018', '微风', '7', '06:19', '17:38', '26', '12', '晴', '多云', 'images/qing.png', '10', '星期四', 'e2caa130-4580-436c-b647-aa5a2667fbde');
INSERT INTO `we_sys_dayweatherinfo` VALUES ('8c6bca02-6a55-436a-a4b3-40557c8032de', '101', '100', '2015-10-14', '197', '无持续风向', '20', '0.0', '0', '1017', '微风', '4', '06:18', '17:40', '26', '12', '多云', '晴', 'images/duoyun.png', '10', '星期三', '8977b5b4-7db1-4131-a180-29f07fba47ab');
INSERT INTO `we_sys_dayweatherinfo` VALUES ('8d175302-a15d-4a08-b9aa-01728469929d', '101', '101', '2015-10-18', '58', '无持续风向', '28', '0.0', '0', '1020', '微风', '11', '06:21', '17:34', '26', '15', '多云', '多云', 'images/duoyun.png', '10', '星期日', 'c0f4f0ee-dec1-4b38-81c6-09964fb630c5');
INSERT INTO `we_sys_dayweatherinfo` VALUES ('8e18481f-b1a6-4292-b222-05f643cfee90', '100', '100', '2015-09-27', '131', '无持续风向', '18', '0.0', '1', '1014', '微风', '4', '06:04', '18:03', '28', '18', '晴', '晴', 'images/qing.png', '10', '星期日', '05a3b4ac-1fd3-47e3-a9fa-9e4f66cbaf15');
INSERT INTO `we_sys_dayweatherinfo` VALUES ('8ea51790-8649-4271-90fb-07cbf657461a', '100', '100', '2015-10-19', '159', '无持续风向', '19', '0.0', '0', '1015', '微风', '15', '06:22', '17:33', '27', '15', '晴', '晴', 'images/qing.png', '10', '星期一', 'd6bdba54-752b-4f62-beb1-f02622b11619');
INSERT INTO `we_sys_dayweatherinfo` VALUES ('8f4be659-973c-4607-aed3-9c9438e3a870', '100', '101', '2015-10-18', '56', '无持续风向', '28', '0.0', '0', '1020', '微风', '7', '06:21', '17:34', '26', '15', '晴', '多云', 'images/qing.png', '10', '星期日', 'f377f019-0348-4d84-a93a-0ed0b2706a2d');
INSERT INTO `we_sys_dayweatherinfo` VALUES ('905506a6-33d5-4c66-a0ff-a20d045ed6e4', '100', '101', '2015-10-20', '150', '无持续风向', '30', '0.0', '0', '1015', '微风', '4', '06:23', '17:32', '26', '15', '晴', '多云', 'images/qing.png', '10', '星期二', '6b291c64-06d5-4965-b535-488f8d011865');
INSERT INTO `we_sys_dayweatherinfo` VALUES ('90a13d1e-9e7c-4835-8afe-bcfa0b8aabd4', '101', '101', '2015-09-23', '51', '南风', '41', '0.0', '0', '1009', '微风', '4', '06:01', '18:09', '29', '19', '多云', '多云', 'images/duoyun.png', '10', '星期三', 'c3278f94-6e0f-4ead-a27e-374c09465276');
INSERT INTO `we_sys_dayweatherinfo` VALUES ('90ca3406-bc6a-4d59-9771-d01ca8831c3d', '100', '100', '2015-10-16', '125', '无持续风向', '24', '0.0', '0', '1018', '微风', '4', '06:19', '17:37', '27', '13', '晴', '晴', 'images/qing.png', '10', '星期五', '6b291c64-06d5-4965-b535-488f8d011865');
INSERT INTO `we_sys_dayweatherinfo` VALUES ('919c6382-e3bd-406c-8ebd-b1d22be6babb', '100', '100', '2015-10-16', '173', '无持续风向', '23', '0.0', '0', '1017', '微风', '4', '06:19', '17:37', '28', '15', '晴', '晴', 'images/qing.png', '10', '星期五', '71147a0f-6fba-4e15-a6e7-f29099056b55');
INSERT INTO `we_sys_dayweatherinfo` VALUES ('91c0a3cb-14c2-42ad-a1f8-895663a45d14', '100', '100', '2015-10-16', '192', '无持续风向', '25', '0.0', '0', '1017', '微风', '4', '06:19', '17:37', '27', '15', '晴', '晴', 'images/qing.png', '10', '星期五', '0378b4ff-3867-40ba-8364-5f65c0543063');
INSERT INTO `we_sys_dayweatherinfo` VALUES ('926f6ba8-8877-47eb-a9ad-0becb3da3da8', '101', '101', '2015-09-23', '51', '南风', '41', '0.0', '0', '1009', '微风', '4', '06:01', '18:09', '29', '19', '多云', '多云', 'images/duoyun.png', '10', '星期三', '8d23507d-9c63-4bac-bbfc-59914cc07a81');
INSERT INTO `we_sys_dayweatherinfo` VALUES ('9322bab2-daaf-4115-a98b-eba427806564', '101', '101', '2015-09-21', '165', '南风', '36', '0.0', '0', '1011', '微风', '4', '05:59', '18:12', '29', '17', '多云', '多云', 'images/duoyun.png', '10', '星期一', 'c3278f94-6e0f-4ead-a27e-374c09465276');
INSERT INTO `we_sys_dayweatherinfo` VALUES ('9373d7ac-cd50-4553-8708-82165a7ba10f', '100', '101', '2015-10-14', '191', '南风', '20', '0.0', '0', '1017', '微风', '4', '06:18', '17:40', '28', '12', '晴', '多云', 'images/qing.png', '10', '星期三', '6b291c64-06d5-4965-b535-488f8d011865');
INSERT INTO `we_sys_dayweatherinfo` VALUES ('9381cff3-f64d-40bc-ac4e-e967e77b6722', '101', '100', '2015-10-12', '346', '无持续风向', '19', '0.0', '0', '1022', '微风', '4', '06:16', '17:42', '24', '7', '多云', '晴', 'images/duoyun.png', '10', '星期一', 'b411b524-5a8d-4e25-ad6c-25aa9aa9bb04');
INSERT INTO `we_sys_dayweatherinfo` VALUES ('964d155d-5abf-4cc3-9b15-aa03e0299378', '100', '100', '2015-10-11', '335', '北风', '25', '0.0', '0', '1020', '3-4', '7', '06:15', '17:44', '21', '8', '晴', '晴', 'images/qing.png', '10', '星期日', 'e2caa130-4580-436c-b647-aa5a2667fbde');
INSERT INTO `we_sys_dayweatherinfo` VALUES ('978a0361-c480-4cec-8434-5f53296574e9', '100', '100', '2015-10-19', '147', '无持续风向', '25', '0.0', '0', '1016', '微风', '4', '06:22', '17:33', '26', '15', '晴', '晴', 'images/qing.png', '10', '星期一', 'd6be07ca-b1e5-4509-b1d5-623717739ac9');
INSERT INTO `we_sys_dayweatherinfo` VALUES ('9828bca9-20ed-41f5-8b1c-252c8c217228', '101', '101', '2015-09-23', '51', '南风', '41', '0.0', '0', '1009', '微风', '4', '06:01', '18:09', '29', '19', '多云', '多云', 'images/duoyun.png', '10', '星期三', '05a3b4ac-1fd3-47e3-a9fa-9e4f66cbaf15');
INSERT INTO `we_sys_dayweatherinfo` VALUES ('987945d3-7979-4986-bd63-1b46f1c1f292', '100', '101', '2015-10-20', '150', '无持续风向', '30', '0.0', '0', '1015', '微风', '4', '06:23', '17:32', '26', '15', '晴', '多云', 'images/qing.png', '10', '星期二', 'd6be07ca-b1e5-4509-b1d5-623717739ac9');
INSERT INTO `we_sys_dayweatherinfo` VALUES ('98aad3b6-5b1c-40b9-ba97-8f11e7b8b24d', '100', '100', '2015-10-16', '183', '无持续风向', '26', '0.0', '0', '1018', '微风', '14', '06:19', '17:37', '26', '12', '晴', '晴', 'images/qing.png', '10', '星期五', 'e4551817-b109-4ad0-9525-ad004d91d100');
INSERT INTO `we_sys_dayweatherinfo` VALUES ('9976478e-04cd-452e-a44e-bf976dcab186', '101', '100', '2015-09-25', '55', '无持续风向', '38', '0.0', '19', '1009', '微风', '4', '06:02', '18:06', '28', '18', '多云', '晴', 'images/duoyun.png', '10', '星期五', 'dc0dbb0c-0f76-4544-bd61-1a65c3ee80e5');
INSERT INTO `we_sys_dayweatherinfo` VALUES ('9a2b1755-f3f2-42e7-8df1-65315987363c', '101', '101', '2015-10-19', '206', '无持续风向', '36', '0.0', '1', '1015', '微风', '8', '06:22', '17:33', '26', '15', '多云', '多云', 'images/duoyun.png', '10', '星期一', '26c065b2-ed18-429c-877e-7ab41586af9d');
INSERT INTO `we_sys_dayweatherinfo` VALUES ('9cc6e213-3407-41ab-b89b-22a6fc7a9aca', '101', '101', '2015-10-14', '195', '南风', '20', '0.0', '0', '1017', '微风', '4', '06:18', '17:40', '27', '10', '多云', '多云', 'images/duoyun.png', '10', '星期三', 'cc663d03-3cfd-439b-9203-bf0b99b43a85');
INSERT INTO `we_sys_dayweatherinfo` VALUES ('9d1fd75f-2d13-4f85-bbd5-63cdacc4222e', '100', '100', '2015-10-15', '177', '东南风', '26', '0.0', '0', '1016', '微风', '7', '06:19', '17:38', '26', '11', '晴', '晴', 'images/qing.png', '10', '星期四', 'dfd10274-dc82-4f34-bbd7-8fd758890ae5');
INSERT INTO `we_sys_dayweatherinfo` VALUES ('9d687fe5-09a0-4e68-be51-fd6582718937', '101', '100', '2015-10-16', '43', '无持续风向', '20', '0.0', '0', '1018', '微风', '11', '06:19', '17:37', '28', '11', '多云', '晴', 'images/duoyun.png', '10', '星期五', 'b5992b35-8896-4d2e-96b0-deee3f288109');
INSERT INTO `we_sys_dayweatherinfo` VALUES ('9f82dc0d-62a1-458d-8020-4e51758cd743', '100', '100', '2015-10-19', '151', '无持续风向', '36', '0.0', '0', '1017', '微风', '4', '06:22', '17:33', '26', '15', '晴', '晴', 'images/qing.png', '10', '星期一', '20a31c2b-fc46-4ac0-bee1-2207e3b226f9');
INSERT INTO `we_sys_dayweatherinfo` VALUES ('9fc35207-8a52-4226-9cfe-c66844e51af4', '101', '101', '2015-10-17', '180', '无持续风向', '31', '0.0', '0', '1017', '微风', '4', '06:20', '17:36', '27', '15', '多云', '多云', 'images/duoyun.png', '10', '星期六', '978b086a-5382-4552-b95b-c759bc7619dc');
INSERT INTO `we_sys_dayweatherinfo` VALUES ('a072d50b-c948-4e01-871b-01b9fcd8a980', '101', '100', '2015-10-12', '331', '无持续风向', '18', '0.0', '0', '1022', '微风', '4', '06:16', '17:42', '24', '7', '多云', '晴', 'images/duoyun.png', '10', '星期一', '71147a0f-6fba-4e15-a6e7-f29099056b55');
INSERT INTO `we_sys_dayweatherinfo` VALUES ('a07d05ec-0981-4317-a82c-5b24dd75249b', '101', '100', '2015-10-13', '203', '无持续风向', '17', '0.0', '0', '1021', '微风', '4', '06:17', '17:41', '25', '10', '多云', '晴', 'images/duoyun.png', '10', '星期二', 'ba8c15ba-41f4-40e9-abfb-a81a2dcb0324');
INSERT INTO `we_sys_dayweatherinfo` VALUES ('a08cf855-b247-4f75-b75e-4bd8245f8184', '100', '100', '2015-10-16', '162', '无持续风向', '28', '0.0', '0', '1017', '微风', '8', '06:19', '17:37', '27', '15', '晴', '晴', 'images/qing.png', '10', '星期五', '26c065b2-ed18-429c-877e-7ab41586af9d');
INSERT INTO `we_sys_dayweatherinfo` VALUES ('a10cadb9-8548-478b-bd35-1695e461b3e6', '100', '100', '2015-10-17', '184', '无持续风向', '28', '0.0', '0', '1017', '微风', '4', '06:20', '17:36', '27', '14', '晴', '晴', 'images/qing.png', '10', '星期六', 'cc663d03-3cfd-439b-9203-bf0b99b43a85');
INSERT INTO `we_sys_dayweatherinfo` VALUES ('a13b03c5-1f9a-44c6-a461-dfdeb7bbde1a', '101', '100', '2015-10-15', '332', '无持续风向', '22', '0.0', '0', '1016', '微风', '11', '06:19', '17:38', '27', '11', '多云', '晴', 'images/duoyun.png', '10', '星期四', 'c0f4f0ee-dec1-4b38-81c6-09964fb630c5');
INSERT INTO `we_sys_dayweatherinfo` VALUES ('a27ef626-93d7-4bfc-9fd7-4e1fe5c86181', '101', '100', '2015-10-15', '29', '北风', '27', '0.0', '0', '1016', '微风', '9', '06:19', '17:38', '26', '10', '多云', '晴', 'images/duoyun.png', '10', '星期四', 'd5eab9bd-91e4-40a9-a370-4beeaffeb3ae');
INSERT INTO `we_sys_dayweatherinfo` VALUES ('a2c73a50-e7f3-4844-8a6b-9d1feda77654', '100', '100', '2015-10-16', '192', '无持续风向', '25', '0.0', '0', '1017', '微风', '4', '06:19', '17:37', '27', '15', '晴', '晴', 'images/qing.png', '10', '星期五', '97d962ec-aeec-45d4-b9ca-191d3b12d0f1');
INSERT INTO `we_sys_dayweatherinfo` VALUES ('a352eb11-66c2-4279-8fbe-1c88871e72ad', '100', '100', '2015-09-27', '131', '无持续风向', '18', '0.0', '1', '1014', '微风', '4', '06:04', '18:03', '28', '18', '晴', '晴', 'images/qing.png', '10', '星期日', '30382c9c-8088-447a-b604-4267fe87461d');
INSERT INTO `we_sys_dayweatherinfo` VALUES ('a4c7693a-a5ea-4c36-9378-227166c97072', '100', '100', '2015-10-19', '170', '无持续风向', '22', '0.0', '0', '1016', '微风', '9', '06:22', '17:33', '26', '15', '晴', '晴', 'images/qing.png', '10', '星期一', '7a856cb3-5b40-4a67-a5d0-a1230768bcfd');
INSERT INTO `we_sys_dayweatherinfo` VALUES ('a4fb4cf0-495d-4f58-b69d-f669b961bca8', '100', '100', '2015-10-13', '200', '南风', '17', '0.0', '0', '1021', '微风', '4', '06:17', '17:41', '29', '8', '晴', '晴', 'images/qing.png', '10', '星期二', 'cc663d03-3cfd-439b-9203-bf0b99b43a85');
INSERT INTO `we_sys_dayweatherinfo` VALUES ('a5524ffa-9130-4beb-a0b2-11042474e0cf', '100', '101', '2015-10-13', '199', '南风', '16', '0.0', '0', '1021', '微风', '7', '06:17', '17:41', '26', '11', '晴', '多云', 'images/qing.png', '10', '星期二', '6e2c44a5-9575-4379-bcea-1674f3175048');
INSERT INTO `we_sys_dayweatherinfo` VALUES ('a56b69db-5060-4917-aada-e29385f65cad', '101', '101', '2015-10-17', '186', '南风', '29', '0.0', '0', '1018', '微风', '7', '06:20', '17:36', '27', '12', '多云', '多云', 'images/duoyun.png', '10', '星期六', 'f377f019-0348-4d84-a93a-0ed0b2706a2d');
INSERT INTO `we_sys_dayweatherinfo` VALUES ('a60546f1-a5c7-4382-a3f6-b6313291ee6f', '100', '100', '2015-10-17', '181', '无持续风向', '23', '0.0', '0', '1016', '微风', '11', '06:20', '17:36', '27', '14', '晴', '晴', 'images/qing.png', '10', '星期六', '43201297-f8ee-4025-add1-d9eab2862d49');
INSERT INTO `we_sys_dayweatherinfo` VALUES ('a64b59b2-66e3-47ca-8a62-38b2e1d0e61f', '101', '101', '2015-10-19', '192', '无持续风向', '35', '0.0', '0', '1016', '微风', '7', '06:22', '17:33', '26', '15', '多云', '多云', 'images/duoyun.png', '10', '星期一', 'e3f1ac1d-f5b5-4e71-bbaf-5b935378b6cb');
INSERT INTO `we_sys_dayweatherinfo` VALUES ('a694001b-a61b-4d3d-af6e-ee29f9f891a1', '101', '100', '2015-10-17', '182', '无持续风向', '29', '0.0', '0', '1017', '微风', '7', '06:20', '17:36', '24', '13', '多云', '晴', 'images/duoyun.png', '10', '星期六', '9004e631-74f7-4ba0-aa4c-3ab0d43eb8db');
INSERT INTO `we_sys_dayweatherinfo` VALUES ('a73f274b-bcb3-49d3-b879-0b68784d6968', '101', '101', '2015-09-21', '165', '南风', '36', '0.0', '0', '1011', '微风', '4', '05:59', '18:12', '29', '17', '多云', '多云', 'images/duoyun.png', '10', '星期一', 'e1c44614-22bb-40d8-9db2-ce03556fc806');
INSERT INTO `we_sys_dayweatherinfo` VALUES ('a76535e2-475b-472a-9eb8-4a5aafd0ed5b', '100', '100', '2015-10-18', '79', '无持续风向', '29', '0.0', '0', '1019', '微风', '4', '06:21', '17:34', '27', '14', '晴', '晴', 'images/qing.png', '10', '星期日', 'b411b524-5a8d-4e25-ad6c-25aa9aa9bb04');
INSERT INTO `we_sys_dayweatherinfo` VALUES ('a8db2384-2a3a-4701-ad04-95bb14746cce', '100', '100', '2015-10-11', '325', '北风', '23', '0.0', '0', '1019', '微风', '14', '06:15', '17:44', '21', '7', '晴', '晴', 'images/qing.png', '10', '星期日', 'e4551817-b109-4ad0-9525-ad004d91d100');
INSERT INTO `we_sys_dayweatherinfo` VALUES ('a9806b8e-eaa2-4f17-8c47-5f04207ef63b', '100', '101', '2015-10-13', '199', '南风', '16', '0.0', '0', '1021', '微风', '7', '06:17', '17:41', '26', '11', '晴', '多云', 'images/qing.png', '10', '星期二', 'e3f1ac1d-f5b5-4e71-bbaf-5b935378b6cb');
INSERT INTO `we_sys_dayweatherinfo` VALUES ('aa6547c9-e6c4-4d21-9d61-c63ddc3fb5a6', '100', '100', '2015-10-20', '83', '无持续风向', '31', '0.0', '0', '1014', '微风', '11', '06:23', '17:32', '27', '15', '晴', '晴', 'images/qing.png', '10', '星期二', 'c0f4f0ee-dec1-4b38-81c6-09964fb630c5');
INSERT INTO `we_sys_dayweatherinfo` VALUES ('aa848724-d85c-4914-bcaa-bf90a060d3f5', '100', '101', '2015-10-13', '199', '西南风', '19', '0.0', '0', '1022', '3-4', '11', '06:17', '17:41', '25', '10', '晴', '多云', 'images/qing.png', '10', '星期二', '37b62595-c596-47d2-aa85-affcacde22b5');
INSERT INTO `we_sys_dayweatherinfo` VALUES ('ac9b549d-be9d-47db-9669-5a340b940247', '100', '100', '2015-10-17', '182', '无持续风向', '29', '0.0', '0', '1017', '微风', '9', '06:20', '17:36', '27', '12', '晴', '晴', 'images/qing.png', '10', '星期六', '7a856cb3-5b40-4a67-a5d0-a1230768bcfd');
INSERT INTO `we_sys_dayweatherinfo` VALUES ('acd06533-ab80-425c-b039-a5ef0ad92e2e', '100', '101', '2015-10-20', '167', '无持续风向', '33', '0.0', '0', '1015', '微风', '4', '06:23', '17:32', '26', '15', '晴', '多云', 'images/qing.png', '10', '星期二', '20a31c2b-fc46-4ac0-bee1-2207e3b226f9');
INSERT INTO `we_sys_dayweatherinfo` VALUES ('af056059-f3b8-415a-82c1-9e7c1d25ee9b', '100', '100', '2015-09-27', '131', '无持续风向', '18', '0.0', '1', '1014', '微风', '4', '06:04', '18:03', '28', '18', '晴', '晴', 'images/qing.png', '10', '星期日', 'dc0dbb0c-0f76-4544-bd61-1a65c3ee80e5');
INSERT INTO `we_sys_dayweatherinfo` VALUES ('af1ea662-b059-4170-bc1d-bb58db204820', '100', '101', '2015-10-15', '195', '无持续风向', '23', '0.0', '0', '1018', '微风', '7', '06:19', '17:38', '26', '12', '晴', '多云', 'images/qing.png', '10', '星期四', '4d4e5d4a-097c-4b93-bf9c-7792cc9f75a2');
INSERT INTO `we_sys_dayweatherinfo` VALUES ('b153be3a-c0fb-41bb-b257-c54fb731d0a7', '101', '101', '2015-10-18', '58', '无持续风向', '28', '0.0', '0', '1020', '微风', '11', '06:21', '17:34', '26', '15', '多云', '多云', 'images/duoyun.png', '10', '星期日', 'c50b611e-6dc2-47df-9f06-d7c1a64d2931');
INSERT INTO `we_sys_dayweatherinfo` VALUES ('b25cb723-c44c-40fc-baa4-66389b293604', '100', '100', '2015-10-12', '330', '南风', '19', '0.0', '0', '1023', '3-4', '7', '06:16', '17:42', '24', '10', '晴', '晴', 'images/qing.png', '10', '星期一', 'e2caa130-4580-436c-b647-aa5a2667fbde');
INSERT INTO `we_sys_dayweatherinfo` VALUES ('b289b1eb-f557-460d-a8f0-bfbc10fde710', '101', '100', '2015-10-17', '182', '无持续风向', '32', '0.0', '0', '1017', '微风', '8', '06:20', '17:36', '24', '13', '多云', '晴', 'images/duoyun.png', '10', '星期六', '26c065b2-ed18-429c-877e-7ab41586af9d');
INSERT INTO `we_sys_dayweatherinfo` VALUES ('b2c0d538-c440-4fa4-b427-a8462f71077d', '100', '100', '2015-10-12', '3', '西南风', '20', '0.0', '0', '1023', '3-4', '11', '06:16', '17:42', '24', '8', '晴', '晴', 'images/qing.png', '10', '星期一', '37b62595-c596-47d2-aa85-affcacde22b5');
INSERT INTO `we_sys_dayweatherinfo` VALUES ('b2ce1110-b328-48ad-9b63-20031450026d', '101', '300', '2015-09-22', '164', '南风', '44', '1.5', '70', '1011', '微风', '4', '06:00', '18:11', '28', '18', '多云', '阵雨', 'images/duoyun.png', '10', '星期二', '30382c9c-8088-447a-b604-4267fe87461d');
INSERT INTO `we_sys_dayweatherinfo` VALUES ('b3233648-c50a-4dae-99b1-4a8ecd2cf052', '101', '101', '2015-10-18', '92', '无持续风向', '27', '0.0', '0', '1019', '微风', '4', '06:21', '17:34', '25', '14', '多云', '多云', 'images/duoyun.png', '10', '星期日', '6b291c64-06d5-4965-b535-488f8d011865');
INSERT INTO `we_sys_dayweatherinfo` VALUES ('b3770607-f364-4da9-8795-b8d14e9b126d', '100', '100', '2015-10-15', '204', '无持续风向', '24', '0.0', '0', '1016', '微风', '14', '06:19', '17:38', '26', '12', '晴', '晴', 'images/qing.png', '10', '星期四', 'e4551817-b109-4ad0-9525-ad004d91d100');
INSERT INTO `we_sys_dayweatherinfo` VALUES ('b3db34bb-d769-4ce5-ac01-f0536b0374b2', '101', '101', '2015-10-14', '193', '南风', '20', '0.0', '0', '1017', '微风', '7', '06:18', '17:40', '25', '11', '多云', '多云', 'images/duoyun.png', '10', '星期三', 'e3f1ac1d-f5b5-4e71-bbaf-5b935378b6cb');
INSERT INTO `we_sys_dayweatherinfo` VALUES ('b42319c4-9155-4fd7-b135-d826108cf9ac', '100', '101', '2015-10-13', '199', '南风', '19', '0.0', '0', '1022', '微风', '4', '06:17', '17:41', '26', '11', '晴', '多云', 'images/qing.png', '10', '星期二', '97d962ec-aeec-45d4-b9ca-191d3b12d0f1');
INSERT INTO `we_sys_dayweatherinfo` VALUES ('b4853754-e6d0-46e5-b9ac-19f2c7f728fb', '100', '100', '2015-10-13', '211', '无持续风向', '19', '0.0', '0', '1023', '微风', '14', '06:17', '17:41', '25', '13', '晴', '晴', 'images/qing.png', '10', '星期二', 'e4551817-b109-4ad0-9525-ad004d91d100');
INSERT INTO `we_sys_dayweatherinfo` VALUES ('b4a6c496-8951-4f7a-ba20-c688878b918e', '100', '100', '2015-10-19', '147', '无持续风向', '25', '0.0', '0', '1016', '微风', '4', '06:22', '17:33', '26', '15', '晴', '晴', 'images/qing.png', '10', '星期一', '978b086a-5382-4552-b95b-c759bc7619dc');
INSERT INTO `we_sys_dayweatherinfo` VALUES ('b4bb4c34-9668-45f0-a20c-516a353b9505', '100', '100', '2015-10-18', '16', '无持续风向', '31', '0.0', '0', '1019', '微风', '4', '06:21', '17:34', '27', '14', '晴', '晴', 'images/qing.png', '10', '星期日', '0d1be87e-2d44-44b6-ba0d-e920994f72b2');
INSERT INTO `we_sys_dayweatherinfo` VALUES ('b5c85fda-cebe-4d1b-b263-73103e76a199', '100', '100', '2015-10-15', '68', '北风', '28', '0.0', '0', '1016', '微风', '4', '06:19', '17:38', '26', '8', '晴', '晴', 'images/qing.png', '10', '星期四', '0eb20599-8c3a-477b-bd2c-1cf53883f82a');
INSERT INTO `we_sys_dayweatherinfo` VALUES ('b8716832-c4b3-4fdb-96f1-4bf289d04ae0', '101', '100', '2015-10-13', '202', '无持续风向', '18', '0.0', '0', '1021', '微风', '4', '06:17', '17:41', '25', '10', '多云', '晴', 'images/duoyun.png', '10', '星期二', 'b411b524-5a8d-4e25-ad6c-25aa9aa9bb04');
INSERT INTO `we_sys_dayweatherinfo` VALUES ('b97fa700-cc29-4cfb-b592-7490338cf3cd', '100', '101', '2015-09-26', '89', '无持续风向', '32', '0.0', '0', '1012', '微风', '4', '06:03', '18:05', '29', '18', '晴', '多云', 'images/qing.png', '10', '星期六', 'dc0dbb0c-0f76-4544-bd61-1a65c3ee80e5');
INSERT INTO `we_sys_dayweatherinfo` VALUES ('b9a4fec7-7878-426c-9f90-11a0b685a837', '101', '101', '2015-10-17', '180', '无持续风向', '31', '0.0', '0', '1017', '微风', '4', '06:20', '17:36', '27', '15', '多云', '多云', 'images/duoyun.png', '10', '星期六', '2792d049-e8e0-49a1-a988-4efc974f61be');
INSERT INTO `we_sys_dayweatherinfo` VALUES ('b9d628aa-5542-4465-974e-c4eef2212a58', '100', '101', '2015-10-18', '69', '无持续风向', '27', '0.0', '0', '1019', '微风', '7', '06:21', '17:34', '23', '15', '晴', '多云', 'images/qing.png', '10', '星期日', '9004e631-74f7-4ba0-aa4c-3ab0d43eb8db');
INSERT INTO `we_sys_dayweatherinfo` VALUES ('b9e93aa5-545a-4247-af37-c8b47fbc3754', '101', '101', '2015-10-18', '142', '无持续风向', '27', '0.0', '0', '1019', '微风', '15', '06:21', '17:34', '26', '15', '多云', '多云', 'images/duoyun.png', '10', '星期日', 'd6bdba54-752b-4f62-beb1-f02622b11619');
INSERT INTO `we_sys_dayweatherinfo` VALUES ('ba93d413-eb1b-4801-970b-3c1bfb9c5455', '101', '101', '2015-09-21', '165', '南风', '36', '0.0', '0', '1011', '微风', '4', '05:59', '18:12', '29', '17', '多云', '多云', 'images/duoyun.png', '10', '星期一', 'dc0dbb0c-0f76-4544-bd61-1a65c3ee80e5');
INSERT INTO `we_sys_dayweatherinfo` VALUES ('baffaa41-0cd8-443e-9c05-c6093176dbc3', '100', '100', '2015-10-15', '177', '东南风', '26', '0.0', '0', '1016', '微风', '7', '06:19', '17:38', '26', '11', '晴', '晴', 'images/qing.png', '10', '星期四', 'e3f1ac1d-f5b5-4e71-bbaf-5b935378b6cb');
INSERT INTO `we_sys_dayweatherinfo` VALUES ('bb8a0d47-dc6d-4a47-98d2-dc022f4937d2', '101', '101', '2015-10-14', '194', '南风', '20', '0.0', '0', '1017', '微风', '8', '06:18', '17:40', '25', '11', '多云', '多云', 'images/duoyun.png', '10', '星期三', '26c065b2-ed18-429c-877e-7ab41586af9d');
INSERT INTO `we_sys_dayweatherinfo` VALUES ('bc5f7fad-9cc7-4699-9850-7226000dc43d', '100', '100', '2015-10-15', '68', '北风', '28', '0.0', '0', '1016', '微风', '4', '06:19', '17:38', '26', '8', '晴', '晴', 'images/qing.png', '10', '星期四', '8801860c-99dc-43b9-bee2-66686e2f9ff2');
INSERT INTO `we_sys_dayweatherinfo` VALUES ('bc7ddaae-4312-480d-87f4-12100311dc0e', '100', '100', '2015-10-16', '148', '无持续风向', '22', '0.0', '0', '1018', '微风', '4', '06:19', '17:37', '27', '12', '晴', '晴', 'images/qing.png', '10', '星期五', '20a31c2b-fc46-4ac0-bee1-2207e3b226f9');
INSERT INTO `we_sys_dayweatherinfo` VALUES ('bcb1ac1b-4f93-4772-b21d-aa8b14823422', '101', '101', '2015-10-14', '196', '东南风', '21', '0.0', '0', '1018', '微风', '4', '06:18', '17:40', '25', '12', '多云', '多云', 'images/duoyun.png', '10', '星期三', 'a7a5d3f9-bff1-4f11-b54c-e3c05ddd3b9e');
INSERT INTO `we_sys_dayweatherinfo` VALUES ('be65c0dc-16ea-449d-8811-b6308e7a84e7', '101', '101', '2015-09-23', '51', '南风', '41', '0.0', '0', '1009', '微风', '4', '06:01', '18:09', '29', '19', '多云', '多云', 'images/duoyun.png', '10', '星期三', '3dbc7e93-e5ca-4606-a44d-42f43d499e2a');
INSERT INTO `we_sys_dayweatherinfo` VALUES ('be7ad8e9-e039-43bc-8d19-8a110d94b324', '100', '100', '2015-10-15', '208', '无持续风向', '23', '0.0', '0', '1017', '微风', '7', '06:19', '17:38', '27', '13', '晴', '晴', 'images/qing.png', '10', '星期四', 'bdcdbd4b-097a-4112-8a70-33bf9be5b1c0');
INSERT INTO `we_sys_dayweatherinfo` VALUES ('beb21488-94c5-45f7-9a53-958a7c1a7b53', '100', '100', '2015-10-15', '51', '无持续风向', '22', '0.0', '0', '1016', '微风', '4', '06:19', '17:38', '27', '13', '晴', '晴', 'images/qing.png', '10', '星期四', 'ba8c15ba-41f4-40e9-abfb-a81a2dcb0324');
INSERT INTO `we_sys_dayweatherinfo` VALUES ('bfe27085-9254-4571-9955-40e24de47dc8', '101', '101', '2015-10-18', '92', '无持续风向', '27', '0.0', '0', '1019', '微风', '4', '06:21', '17:34', '25', '14', '多云', '多云', 'images/duoyun.png', '10', '星期日', '978b086a-5382-4552-b95b-c759bc7619dc');
INSERT INTO `we_sys_dayweatherinfo` VALUES ('bfe79aff-1850-4512-91e6-5569275ae5a9', '101', '101', '2015-10-17', '183', '无持续风向', '26', '0.0', '0', '1016', '微风', '4', '06:20', '17:36', '28', '14', '多云', '多云', 'images/duoyun.png', '10', '星期六', '71147a0f-6fba-4e15-a6e7-f29099056b55');
INSERT INTO `we_sys_dayweatherinfo` VALUES ('c01876c4-0395-4ffd-8205-a9ad3d752494', '100', '100', '2015-10-16', '168', '无持续风向', '29', '0.0', '0', '1018', '微风', '7', '06:19', '17:37', '27', '15', '晴', '晴', 'images/qing.png', '10', '星期五', '9004e631-74f7-4ba0-aa4c-3ab0d43eb8db');
INSERT INTO `we_sys_dayweatherinfo` VALUES ('c0fba438-60f7-402c-b698-bc3035d05b69', '100', '100', '2015-10-17', '191', '无持续风向', '28', '0.0', '0', '1018', '微风', '11', '06:20', '17:36', '27', '14', '晴', '晴', 'images/qing.png', '10', '星期六', 'b5992b35-8896-4d2e-96b0-deee3f288109');
INSERT INTO `we_sys_dayweatherinfo` VALUES ('c1114662-85ac-4f77-be14-1136fdc52557', '101', '100', '2015-09-25', '55', '无持续风向', '38', '0.0', '19', '1009', '微风', '4', '06:02', '18:06', '28', '18', '多云', '晴', 'images/duoyun.png', '10', '星期五', 'beeca77c-46dd-42d8-915a-a5a33863bb61');
INSERT INTO `we_sys_dayweatherinfo` VALUES ('c1c2adc1-9492-4db4-9525-7a0a7c64266d', '100', '100', '2015-10-12', '5', '南风', '23', '0.0', '0', '1023', '微风', '14', '06:16', '17:42', '23', '8', '晴', '晴', 'images/qing.png', '10', '星期一', 'e4551817-b109-4ad0-9525-ad004d91d100');
INSERT INTO `we_sys_dayweatherinfo` VALUES ('c207fa65-e341-4719-a046-b8af1c0ac6e3', '100', '100', '2015-09-27', '131', '无持续风向', '18', '0.0', '1', '1014', '微风', '4', '06:04', '18:03', '28', '18', '晴', '晴', 'images/qing.png', '10', '星期日', 'beeca77c-46dd-42d8-915a-a5a33863bb61');
INSERT INTO `we_sys_dayweatherinfo` VALUES ('c2b878de-1d73-4cd5-a79c-88cb6615c020', '101', '101', '2015-10-14', '213', '无持续风向', '21', '0.0', '0', '1019', '微风', '7', '06:18', '17:40', '25', '13', '多云', '多云', 'images/duoyun.png', '10', '星期三', 'e2caa130-4580-436c-b647-aa5a2667fbde');
INSERT INTO `we_sys_dayweatherinfo` VALUES ('c3d4ac99-170c-473f-874c-ab05a5855b2b', '101', '100', '2015-10-14', '197', '无持续风向', '22', '0.0', '0', '1016', '微风', '11', '06:18', '17:40', '27', '11', '多云', '晴', 'images/duoyun.png', '10', '星期三', 'b5992b35-8896-4d2e-96b0-deee3f288109');
INSERT INTO `we_sys_dayweatherinfo` VALUES ('c453fe79-73e8-456d-99e3-aba87056bac4', '101', '100', '2015-10-14', '197', '无持续风向', '20', '0.0', '0', '1017', '微风', '4', '06:18', '17:40', '26', '12', '多云', '晴', 'images/duoyun.png', '10', '星期三', '71147a0f-6fba-4e15-a6e7-f29099056b55');
INSERT INTO `we_sys_dayweatherinfo` VALUES ('c45a1e74-9cc0-4d1d-8e33-81fb272bc1ba', '305', '104', '2015-09-24', '115', '无持续风向', '42', '0.0', '39', '1009', '微风', '4', '06:02', '18:08', '25', '20', '小雨', '阴', 'images/xiaoyu.png', '10', '星期四', 'e1c44614-22bb-40d8-9db2-ce03556fc806');
INSERT INTO `we_sys_dayweatherinfo` VALUES ('c5479eca-a371-4979-b34f-96c08172693b', '100', '101', '2015-10-20', '150', '无持续风向', '30', '0.0', '0', '1015', '微风', '4', '06:23', '17:32', '26', '15', '晴', '多云', 'images/qing.png', '10', '星期二', 'ccfc76c5-6669-4372-8007-0705a8a014f3');
INSERT INTO `we_sys_dayweatherinfo` VALUES ('c5d5473d-5bfd-4b0d-8f15-9a7db972c971', '101', '101', '2015-09-21', '165', '南风', '36', '0.0', '0', '1011', '微风', '4', '05:59', '18:12', '29', '17', '多云', '多云', 'images/duoyun.png', '10', '星期一', 'beeca77c-46dd-42d8-915a-a5a33863bb61');
INSERT INTO `we_sys_dayweatherinfo` VALUES ('c7088199-944c-48df-9c31-d22b3dcebad0', '100', '101', '2015-10-18', '69', '无持续风向', '27', '0.0', '0', '1019', '微风', '7', '06:21', '17:34', '23', '15', '晴', '多云', 'images/qing.png', '10', '星期日', '6e2c44a5-9575-4379-bcea-1674f3175048');
INSERT INTO `we_sys_dayweatherinfo` VALUES ('c70bf6f8-b7da-443b-ac0d-1cea7023477d', '101', '101', '2015-10-18', '92', '无持续风向', '27', '0.0', '0', '1019', '微风', '4', '06:21', '17:34', '25', '14', '多云', '多云', 'images/duoyun.png', '10', '星期日', '2792d049-e8e0-49a1-a988-4efc974f61be');
INSERT INTO `we_sys_dayweatherinfo` VALUES ('c737f91a-d91b-4ab8-807e-2f881a54b143', '101', '100', '2015-10-15', '331', '无持续风向', '21', '0.0', '0', '1016', '微风', '15', '06:19', '17:38', '27', '11', '多云', '晴', 'images/duoyun.png', '10', '星期四', 'd6bdba54-752b-4f62-beb1-f02622b11619');
INSERT INTO `we_sys_dayweatherinfo` VALUES ('c76808fc-99c8-4d15-b7a1-7f2a2ab4844e', '100', '100', '2015-10-19', '170', '无持续风向', '22', '0.0', '0', '1016', '微风', '9', '06:22', '17:33', '26', '15', '晴', '晴', 'images/qing.png', '10', '星期一', 'd5eab9bd-91e4-40a9-a370-4beeaffeb3ae');
INSERT INTO `we_sys_dayweatherinfo` VALUES ('c8766d84-12dc-47b7-b091-0940ddbb9363', '101', '101', '2015-10-17', '183', '无持续风向', '26', '0.0', '0', '1016', '微风', '4', '06:20', '17:36', '28', '14', '多云', '多云', 'images/duoyun.png', '10', '星期六', '8977b5b4-7db1-4131-a180-29f07fba47ab');
INSERT INTO `we_sys_dayweatherinfo` VALUES ('c905dc6f-f3e5-43b1-8c4e-b345e24a6a6d', '101', '100', '2015-10-15', '343', '无持续风向', '25', '0.0', '0', '1016', '微风', '4', '06:19', '17:38', '26', '12', '多云', '晴', 'images/duoyun.png', '10', '星期四', '6b291c64-06d5-4965-b535-488f8d011865');
INSERT INTO `we_sys_dayweatherinfo` VALUES ('c99b7ada-4bc7-4462-94d3-81c6e496c469', '101', '100', '2015-10-14', '194', '无持续风向', '22', '0.0', '0', '1016', '微风', '15', '06:18', '17:40', '27', '11', '多云', '晴', 'images/duoyun.png', '10', '星期三', 'd6bdba54-752b-4f62-beb1-f02622b11619');
INSERT INTO `we_sys_dayweatherinfo` VALUES ('c9ee61b2-8813-410b-89fb-8fa00b393694', '101', '101', '2015-10-14', '193', '南风', '20', '0.0', '0', '1017', '微风', '7', '06:18', '17:40', '25', '11', '多云', '多云', 'images/duoyun.png', '10', '星期三', '9004e631-74f7-4ba0-aa4c-3ab0d43eb8db');
INSERT INTO `we_sys_dayweatherinfo` VALUES ('ca6216b9-3b1b-4400-b708-25d7435fe1ff', '101', '101', '2015-10-19', '192', '无持续风向', '35', '0.0', '0', '1016', '微风', '7', '06:22', '17:33', '26', '15', '多云', '多云', 'images/duoyun.png', '10', '星期一', '6e2c44a5-9575-4379-bcea-1674f3175048');
INSERT INTO `we_sys_dayweatherinfo` VALUES ('cb8d6e6f-62e0-4430-8e55-6c52960232f2', '101', '101', '2015-10-17', '169', '无持续风向', '31', '0.0', '0', '1016', '微风', '7', '06:20', '17:36', '28', '14', '多云', '多云', 'images/duoyun.png', '10', '星期六', '6300d30d-7c05-4709-b0c9-b870d90e00c7');
INSERT INTO `we_sys_dayweatherinfo` VALUES ('cb9e11a2-4f62-4fc0-8a80-ffa5301f51c5', '100', '100', '2015-10-15', '177', '东南风', '26', '0.0', '0', '1016', '微风', '7', '06:19', '17:38', '26', '11', '晴', '晴', 'images/qing.png', '10', '星期四', '6e2c44a5-9575-4379-bcea-1674f3175048');
INSERT INTO `we_sys_dayweatherinfo` VALUES ('cc0124c1-fcc3-427e-9891-819fa91d24f6', '100', '101', '2015-10-13', '199', '西南风', '19', '0.0', '0', '1022', '3-4', '11', '06:17', '17:41', '25', '10', '晴', '多云', 'images/qing.png', '10', '星期二', '040a0a72-be00-4f7a-909d-43b07e68eccb');
INSERT INTO `we_sys_dayweatherinfo` VALUES ('cd481bd3-4550-40dd-aef5-1b9bb76d11d6', '101', '101', '2015-09-23', '51', '南风', '41', '0.0', '0', '1009', '微风', '4', '06:01', '18:09', '29', '19', '多云', '多云', 'images/duoyun.png', '10', '星期三', 'beeca77c-46dd-42d8-915a-a5a33863bb61');
INSERT INTO `we_sys_dayweatherinfo` VALUES ('cea1f32c-47de-44bc-999d-527108b519e8', '100', '101', '2015-10-13', '199', '南风', '19', '0.0', '0', '1022', '微风', '4', '06:17', '17:41', '26', '11', '晴', '多云', 'images/qing.png', '10', '星期二', 'a7a5d3f9-bff1-4f11-b54c-e3c05ddd3b9e');
INSERT INTO `we_sys_dayweatherinfo` VALUES ('cf3bc3a9-bf8c-4547-8ccb-8ec3847fe3c5', '100', '100', '2015-10-16', '175', '无持续风向', '24', '0.0', '0', '1018', '微风', '7', '06:19', '17:37', '28', '15', '晴', '晴', 'images/qing.png', '10', '星期五', 'bdcdbd4b-097a-4112-8a70-33bf9be5b1c0');
INSERT INTO `we_sys_dayweatherinfo` VALUES ('d18b8c83-0db1-4be2-81ca-4eeb5d5862ef', '100', '101', '2015-10-14', '191', '南风', '20', '0.0', '0', '1017', '微风', '4', '06:18', '17:40', '28', '12', '晴', '多云', 'images/qing.png', '10', '星期三', '3a73898d-f5b1-4228-9e4a-9205e09c6afb');
INSERT INTO `we_sys_dayweatherinfo` VALUES ('d3b2a661-70ea-40b0-928c-06252eb7f9ee', '101', '101', '2015-10-18', '58', '无持续风向', '28', '0.0', '0', '1020', '微风', '11', '06:21', '17:34', '26', '15', '多云', '多云', 'images/duoyun.png', '10', '星期日', 'b5992b35-8896-4d2e-96b0-deee3f288109');
INSERT INTO `we_sys_dayweatherinfo` VALUES ('d4b1e3e6-bf51-41a3-ad81-ab612a500793', '101', '300', '2015-09-22', '164', '南风', '44', '1.5', '70', '1011', '微风', '4', '06:00', '18:11', '28', '18', '多云', '阵雨', 'images/duoyun.png', '10', '星期二', '8d23507d-9c63-4bac-bbfc-59914cc07a81');
INSERT INTO `we_sys_dayweatherinfo` VALUES ('d4c948a3-0dfc-4dbc-9641-0b49f2fa8003', '100', '100', '2015-10-16', '175', '无持续风向', '30', '0.0', '0', '1018', '微风', '7', '06:19', '17:37', '27', '14', '晴', '晴', 'images/qing.png', '10', '星期五', '4d4e5d4a-097c-4b93-bf9c-7792cc9f75a2');
INSERT INTO `we_sys_dayweatherinfo` VALUES ('d529c1ac-aa1c-4383-8879-f9794c7738f7', '100', '100', '2015-10-19', '151', '无持续风向', '36', '0.0', '0', '1017', '微风', '4', '06:22', '17:33', '26', '15', '晴', '晴', 'images/qing.png', '10', '星期一', '37b7ea55-bc41-4c39-973e-0f0b137239f6');
INSERT INTO `we_sys_dayweatherinfo` VALUES ('d559e8c6-4076-481c-9def-fa5f50c2dfd0', '101', '100', '2015-10-15', '343', '无持续风向', '25', '0.0', '0', '1016', '微风', '4', '06:19', '17:38', '26', '12', '多云', '晴', 'images/duoyun.png', '10', '星期四', 'ccfc76c5-6669-4372-8007-0705a8a014f3');
INSERT INTO `we_sys_dayweatherinfo` VALUES ('d5a87e57-66b9-44d6-9d47-0b9a7fc8218a', '100', '101', '2015-10-14', '191', '南风', '20', '0.0', '0', '1017', '微风', '4', '06:18', '17:40', '28', '12', '晴', '多云', 'images/qing.png', '10', '星期三', '2792d049-e8e0-49a1-a988-4efc974f61be');
INSERT INTO `we_sys_dayweatherinfo` VALUES ('d5fd31bd-e0a6-4c3a-8a9d-ced7230f7c52', '305', '104', '2015-09-24', '115', '无持续风向', '42', '0.0', '39', '1009', '微风', '4', '06:02', '18:08', '25', '20', '小雨', '阴', 'images/xiaoyu.png', '10', '星期四', '3dbc7e93-e5ca-4606-a44d-42f43d499e2a');
INSERT INTO `we_sys_dayweatherinfo` VALUES ('d6956a1e-ace2-40a5-9df7-25ee842baed4', '100', '100', '2015-10-10', '332', '北风', '20', '0.0', '0', '1018', '3-4', '14', '06:14', '17:45', '20', '6', '晴', '晴', 'images/qing.png', '10', '星期六', 'e4551817-b109-4ad0-9525-ad004d91d100');
INSERT INTO `we_sys_dayweatherinfo` VALUES ('d77459a1-0c4b-4aa3-8e27-ed1ba1519a9d', '100', '101', '2015-10-13', '199', '南风', '19', '0.0', '0', '1022', '微风', '4', '06:17', '17:41', '26', '11', '晴', '多云', 'images/qing.png', '10', '星期二', '0378b4ff-3867-40ba-8364-5f65c0543063');
INSERT INTO `we_sys_dayweatherinfo` VALUES ('d7f5f337-57e5-4a39-a71c-6075001b2763', '100', '100', '2015-10-13', '216', '南风', '18', '0.0', '0', '1022', '微风', '7', '06:17', '17:41', '25', '8', '晴', '晴', 'images/qing.png', '10', '星期二', '1ebbf1f6-ff2f-454a-ab1d-c8735cf1cfdf');
INSERT INTO `we_sys_dayweatherinfo` VALUES ('d887c4b7-2617-47ff-b9be-cd191fcd7fa9', '100', '101', '2015-10-15', '202', '无持续风向', '25', '0.0', '0', '1016', '微风', '11', '06:19', '17:38', '26', '12', '晴', '多云', 'images/qing.png', '10', '星期四', '43201297-f8ee-4025-add1-d9eab2862d49');
INSERT INTO `we_sys_dayweatherinfo` VALUES ('d9278390-92ef-47b4-84a6-76e161d7b21a', '101', '101', '2015-10-17', '180', '无持续风向', '31', '0.0', '0', '1017', '微风', '4', '06:20', '17:36', '27', '15', '多云', '多云', 'images/duoyun.png', '10', '星期六', '6b291c64-06d5-4965-b535-488f8d011865');
INSERT INTO `we_sys_dayweatherinfo` VALUES ('da58e2dd-e6db-4b8d-ab2e-af4af1fccf09', '100', '100', '2015-10-15', '177', '东南风', '26', '0.0', '0', '1016', '微风', '7', '06:19', '17:38', '26', '11', '晴', '晴', 'images/qing.png', '10', '星期四', '9004e631-74f7-4ba0-aa4c-3ab0d43eb8db');
INSERT INTO `we_sys_dayweatherinfo` VALUES ('da60479c-1284-476b-855a-a310f56af337', '100', '101', '2015-10-18', '123', '无持续风向', '31', '0.0', '0', '1018', '微风', '4', '06:21', '17:34', '23', '15', '晴', '多云', 'images/qing.png', '10', '星期日', 'a7a5d3f9-bff1-4f11-b54c-e3c05ddd3b9e');
INSERT INTO `we_sys_dayweatherinfo` VALUES ('da810e99-3002-491d-9d49-f0829113bfcb', '101', '100', '2015-10-17', '178', '无持续风向', '26', '0.0', '0', '1016', '微风', '4', '06:20', '17:36', '24', '13', '多云', '晴', 'images/duoyun.png', '10', '星期六', '0378b4ff-3867-40ba-8364-5f65c0543063');
INSERT INTO `we_sys_dayweatherinfo` VALUES ('dc82dc77-da53-4f0a-a240-5f58a2631de2', '101', '101', '2015-10-18', '92', '无持续风向', '27', '0.0', '0', '1019', '微风', '4', '06:21', '17:34', '25', '14', '多云', '多云', 'images/duoyun.png', '10', '星期日', 'd6be07ca-b1e5-4509-b1d5-623717739ac9');
INSERT INTO `we_sys_dayweatherinfo` VALUES ('dc89c13f-1b56-48b2-a388-cb9899ed284b', '101', '100', '2015-10-14', '203', '无持续风向', '18', '0.0', '0', '1019', '微风', '7', '06:18', '17:40', '26', '14', '多云', '晴', 'images/duoyun.png', '10', '星期三', '1ebbf1f6-ff2f-454a-ab1d-c8735cf1cfdf');
INSERT INTO `we_sys_dayweatherinfo` VALUES ('dcfc8f17-f990-4d06-9564-e958dfaa41af', '100', '100', '2015-10-16', '173', '无持续风向', '23', '0.0', '0', '1017', '微风', '4', '06:19', '17:37', '28', '15', '晴', '晴', 'images/qing.png', '10', '星期五', '8977b5b4-7db1-4131-a180-29f07fba47ab');
INSERT INTO `we_sys_dayweatherinfo` VALUES ('dd5a8d15-21eb-4336-96ab-25963c6452c6', '100', '100', '2015-10-19', '165', '无持续风向', '35', '0.0', '0', '1017', '微风', '11', '06:22', '17:33', '26', '15', '晴', '晴', 'images/qing.png', '10', '星期一', 'c0f4f0ee-dec1-4b38-81c6-09964fb630c5');
INSERT INTO `we_sys_dayweatherinfo` VALUES ('dd7330a9-2922-4ceb-ae27-57835bbc696b', '101', '100', '2015-10-15', '332', '无持续风向', '22', '0.0', '0', '1016', '微风', '11', '06:19', '17:38', '27', '11', '多云', '晴', 'images/duoyun.png', '10', '星期四', '4ccc3e88-7bd3-487b-9988-7a74fa271fb0');
INSERT INTO `we_sys_dayweatherinfo` VALUES ('ddae4ea0-0c14-4ed7-8db4-cc35a8af2b40', '101', '100', '2015-10-15', '343', '无持续风向', '25', '0.0', '0', '1016', '微风', '4', '06:19', '17:38', '26', '12', '多云', '晴', 'images/duoyun.png', '10', '星期四', '3a73898d-f5b1-4228-9e4a-9205e09c6afb');
INSERT INTO `we_sys_dayweatherinfo` VALUES ('de1aa6d0-c570-43e6-9530-3434cd65829b', '101', '100', '2015-10-14', '197', '无持续风向', '22', '0.0', '0', '1016', '微风', '11', '06:18', '17:40', '27', '11', '多云', '晴', 'images/duoyun.png', '10', '星期三', 'c0f4f0ee-dec1-4b38-81c6-09964fb630c5');
INSERT INTO `we_sys_dayweatherinfo` VALUES ('de93e824-c401-46ea-8f91-92a13dde53c7', '100', '100', '2015-10-15', '203', '无持续风向', '25', '0.0', '0', '1017', '微风', '4', '06:19', '17:38', '26', '13', '晴', '晴', 'images/qing.png', '10', '星期四', '97d962ec-aeec-45d4-b9ca-191d3b12d0f1');
INSERT INTO `we_sys_dayweatherinfo` VALUES ('ded9e570-4b4f-430b-997f-8272e8cabb5e', '101', '100', '2015-10-12', '331', '无持续风向', '18', '0.0', '0', '1022', '微风', '4', '06:16', '17:42', '24', '7', '多云', '晴', 'images/duoyun.png', '10', '星期一', 'ba8c15ba-41f4-40e9-abfb-a81a2dcb0324');
INSERT INTO `we_sys_dayweatherinfo` VALUES ('dfed000b-f0f7-4fe9-8fb4-cb26fbd19263', '100', '100', '2015-10-12', '355', '南风', '19', '0.0', '0', '1022', '微风', '7', '06:16', '17:42', '24', '6', '晴', '晴', 'images/qing.png', '10', '星期一', 'bdcdbd4b-097a-4112-8a70-33bf9be5b1c0');
INSERT INTO `we_sys_dayweatherinfo` VALUES ('e117217e-c371-452f-ab9c-93c339f48598', '101', '300', '2015-09-22', '164', '南风', '44', '1.5', '70', '1011', '微风', '4', '06:00', '18:11', '28', '18', '多云', '阵雨', 'images/duoyun.png', '10', '星期二', '3dbc7e93-e5ca-4606-a44d-42f43d499e2a');
INSERT INTO `we_sys_dayweatherinfo` VALUES ('e248e857-026a-459c-908c-7ec8edf6ad48', '101', '100', '2015-09-25', '55', '无持续风向', '38', '0.0', '19', '1009', '微风', '4', '06:02', '18:06', '28', '18', '多云', '晴', 'images/duoyun.png', '10', '星期五', 'e1c44614-22bb-40d8-9db2-ce03556fc806');
INSERT INTO `we_sys_dayweatherinfo` VALUES ('e2bdfe10-7d83-4cdc-9b25-1dd2ed4a75f8', '101', '101', '2015-10-17', '180', '无持续风向', '31', '0.0', '0', '1017', '微风', '4', '06:20', '17:36', '27', '15', '多云', '多云', 'images/duoyun.png', '10', '星期六', 'd6be07ca-b1e5-4509-b1d5-623717739ac9');
INSERT INTO `we_sys_dayweatherinfo` VALUES ('e423caf9-ff50-4341-96b9-c4316e058016', '305', '104', '2015-09-24', '115', '无持续风向', '42', '0.0', '39', '1009', '微风', '4', '06:02', '18:08', '25', '20', '小雨', '阴', 'images/xiaoyu.png', '10', '星期四', '05a3b4ac-1fd3-47e3-a9fa-9e4f66cbaf15');
INSERT INTO `we_sys_dayweatherinfo` VALUES ('e4b010e9-6d56-494f-9b56-55561c9f01f8', '101', '100', '2015-10-14', '203', '无持续风向', '18', '0.0', '0', '1019', '微风', '7', '06:18', '17:40', '26', '14', '多云', '晴', 'images/duoyun.png', '10', '星期三', 'bdcdbd4b-097a-4112-8a70-33bf9be5b1c0');
INSERT INTO `we_sys_dayweatherinfo` VALUES ('e568fcc0-3fbd-4e07-a852-d6d5e8cfc34e', '101', '101', '2015-09-21', '165', '南风', '36', '0.0', '0', '1011', '微风', '4', '05:59', '18:12', '29', '17', '多云', '多云', 'images/duoyun.png', '10', '星期一', '8d23507d-9c63-4bac-bbfc-59914cc07a81');
INSERT INTO `we_sys_dayweatherinfo` VALUES ('e5819ff8-9bbc-4f34-bf42-4039e3c2e4a3', '101', '100', '2015-10-14', '197', '无持续风向', '22', '0.0', '0', '1016', '微风', '11', '06:18', '17:40', '27', '11', '多云', '晴', 'images/duoyun.png', '10', '星期三', '4ccc3e88-7bd3-487b-9988-7a74fa271fb0');
INSERT INTO `we_sys_dayweatherinfo` VALUES ('e5e2652d-db56-4077-b1bd-13e8a71b5e18', '101', '101', '2015-09-21', '165', '南风', '36', '0.0', '0', '1011', '微风', '4', '05:59', '18:12', '29', '17', '多云', '多云', 'images/duoyun.png', '10', '星期一', '30382c9c-8088-447a-b604-4267fe87461d');
INSERT INTO `we_sys_dayweatherinfo` VALUES ('e63290d4-6e96-47d1-a968-fbe2551f9fad', '100', '100', '2015-10-16', '171', '无持续风向', '25', '0.0', '0', '1018', '微风', '4', '06:19', '17:37', '28', '14', '晴', '晴', 'images/qing.png', '10', '星期五', '8801860c-99dc-43b9-bee2-66686e2f9ff2');
INSERT INTO `we_sys_dayweatherinfo` VALUES ('e926f86c-73f0-45a7-8fbf-037992293180', '101', '100', '2015-10-15', '29', '北风', '28', '0.0', '0', '1016', '微风', '4', '06:19', '17:38', '26', '10', '多云', '晴', 'images/duoyun.png', '10', '星期四', '8dd107b6-6144-4450-b42f-2dbd104b433b');
INSERT INTO `we_sys_dayweatherinfo` VALUES ('ea080dd4-583d-47c7-971b-c7959cef14f7', '101', '100', '2015-10-15', '29', '北风', '28', '0.0', '0', '1016', '微风', '4', '06:19', '17:38', '26', '10', '多云', '晴', 'images/duoyun.png', '10', '星期四', '20a31c2b-fc46-4ac0-bee1-2207e3b226f9');
INSERT INTO `we_sys_dayweatherinfo` VALUES ('ea3087be-08a4-43f2-b802-31e4cb63b2da', '100', '101', '2015-10-20', '167', '无持续风向', '33', '0.0', '0', '1015', '微风', '4', '06:23', '17:32', '26', '15', '晴', '多云', 'images/qing.png', '10', '星期二', '37b7ea55-bc41-4c39-973e-0f0b137239f6');
INSERT INTO `we_sys_dayweatherinfo` VALUES ('ebc2e54b-6a39-4569-bc94-9ce78375d1fc', '305', '104', '2015-09-24', '115', '无持续风向', '42', '0.0', '39', '1009', '微风', '4', '06:02', '18:08', '25', '20', '小雨', '阴', 'images/xiaoyu.png', '10', '星期四', '8d23507d-9c63-4bac-bbfc-59914cc07a81');
INSERT INTO `we_sys_dayweatherinfo` VALUES ('ec9a3bf0-e638-4d06-a481-cb8e84f73425', '101', '100', '2015-09-25', '55', '无持续风向', '38', '0.0', '19', '1009', '微风', '4', '06:02', '18:06', '28', '18', '多云', '晴', 'images/duoyun.png', '10', '星期五', '3dbc7e93-e5ca-4606-a44d-42f43d499e2a');
INSERT INTO `we_sys_dayweatherinfo` VALUES ('ed130935-cf70-47fe-8825-6582b3963e68', '100', '100', '2015-10-19', '282', '无持续风向', '31', '0.0', '0', '1017', '微风', '7', '06:22', '17:33', '25', '14', '晴', '晴', 'images/qing.png', '10', '星期一', '4a3b6c50-4402-43b6-b0e8-ab10128c275e');
INSERT INTO `we_sys_dayweatherinfo` VALUES ('ed506464-619d-468e-949f-fbf88f289680', '100', '100', '2015-09-27', '131', '无持续风向', '18', '0.0', '1', '1014', '微风', '4', '06:04', '18:03', '28', '18', '晴', '晴', 'images/qing.png', '10', '星期日', '3dbc7e93-e5ca-4606-a44d-42f43d499e2a');
INSERT INTO `we_sys_dayweatherinfo` VALUES ('edb36cb3-5249-45bf-b3fb-9bb416c571c0', '101', '101', '2015-10-18', '42', '无持续风向', '30', '0.0', '0', '1019', '微风', '4', '06:21', '17:34', '26', '15', '多云', '多云', 'images/duoyun.png', '10', '星期日', '8801860c-99dc-43b9-bee2-66686e2f9ff2');
INSERT INTO `we_sys_dayweatherinfo` VALUES ('edc8efe4-09bb-41a9-bc7e-3e428c7adb28', '100', '101', '2015-09-26', '89', '无持续风向', '32', '0.0', '0', '1012', '微风', '4', '06:03', '18:05', '29', '18', '晴', '多云', 'images/qing.png', '10', '星期六', '30382c9c-8088-447a-b604-4267fe87461d');
INSERT INTO `we_sys_dayweatherinfo` VALUES ('edccb61e-2a51-4004-b6cf-1f6fb13f4152', '100', '100', '2015-10-17', '181', '无持续风向', '23', '0.0', '0', '1016', '微风', '11', '06:20', '17:36', '27', '14', '晴', '晴', 'images/qing.png', '10', '星期六', '69f9f736-24bf-499a-bafb-418e3a87a0ec');
INSERT INTO `we_sys_dayweatherinfo` VALUES ('ee44412c-214e-4c1f-b1f8-15b563b97aba', '101', '101', '2015-10-14', '195', '南风', '20', '0.0', '0', '1017', '微风', '4', '06:18', '17:40', '27', '10', '多云', '多云', 'images/duoyun.png', '10', '星期三', '8801860c-99dc-43b9-bee2-66686e2f9ff2');
INSERT INTO `we_sys_dayweatherinfo` VALUES ('eefabe6f-69c3-43c9-9e9a-7e24628442b2', '100', '100', '2015-10-16', '192', '无持续风向', '24', '0.0', '0', '1017', '微风', '11', '06:19', '17:37', '27', '14', '晴', '晴', 'images/qing.png', '10', '星期五', '69f9f736-24bf-499a-bafb-418e3a87a0ec');
INSERT INTO `we_sys_dayweatherinfo` VALUES ('ef767982-3004-488e-8f0f-0ee20a6c27cc', '100', '100', '2015-10-19', '243', '无持续风向', '38', '0.0', '0', '1016', '微风', '4', '06:22', '17:33', '26', '15', '晴', '晴', 'images/qing.png', '10', '星期一', 'cc663d03-3cfd-439b-9203-bf0b99b43a85');
INSERT INTO `we_sys_dayweatherinfo` VALUES ('f08df5a4-837e-4c9f-b830-773cdeb8a840', '101', '101', '2015-10-18', '42', '无持续风向', '30', '0.0', '0', '1019', '微风', '4', '06:21', '17:34', '26', '15', '多云', '多云', 'images/duoyun.png', '10', '星期日', 'cc663d03-3cfd-439b-9203-bf0b99b43a85');
INSERT INTO `we_sys_dayweatherinfo` VALUES ('f15bf5b9-9112-4e1a-8caf-fa9aaa9f705f', '101', '100', '2015-10-21', '147', '无持续风向', '28', '0.0', '0', '1017', '微风', '7', '06:24', '17:31', '24', '15', '多云', '晴', 'images/duoyun.png', '10', '星期三', '4a3b6c50-4402-43b6-b0e8-ab10128c275e');
INSERT INTO `we_sys_dayweatherinfo` VALUES ('f2398e15-019f-43c4-95ca-08ae017a3486', '100', '100', '2015-10-13', '200', '南风', '17', '0.0', '0', '1021', '微风', '4', '06:17', '17:41', '29', '8', '晴', '晴', 'images/qing.png', '10', '星期二', '0eb20599-8c3a-477b-bd2c-1cf53883f82a');
INSERT INTO `we_sys_dayweatherinfo` VALUES ('f6054c96-32fc-4477-9b3e-ad68f85be3a8', '100', '100', '2015-10-20', '83', '无持续风向', '31', '0.0', '0', '1014', '微风', '11', '06:23', '17:32', '27', '15', '晴', '晴', 'images/qing.png', '10', '星期二', '4ccc3e88-7bd3-487b-9988-7a74fa271fb0');
INSERT INTO `we_sys_dayweatherinfo` VALUES ('f734f0ab-70ae-4f20-997d-f3cca65e3eea', '100', '100', '2015-10-19', '165', '无持续风向', '35', '0.0', '0', '1017', '微风', '11', '06:22', '17:33', '26', '15', '晴', '晴', 'images/qing.png', '10', '星期一', '4ccc3e88-7bd3-487b-9988-7a74fa271fb0');
INSERT INTO `we_sys_dayweatherinfo` VALUES ('f743732c-c438-4b54-b9da-ca9d1b54df52', '100', '100', '2015-10-16', '192', '无持续风向', '25', '0.0', '0', '1017', '微风', '4', '06:19', '17:37', '27', '15', '晴', '晴', 'images/qing.png', '10', '星期五', 'a7a5d3f9-bff1-4f11-b54c-e3c05ddd3b9e');
INSERT INTO `we_sys_dayweatherinfo` VALUES ('f7529140-f5bb-4fce-b5cd-cd543eebea09', '100', '100', '2015-10-15', '203', '无持续风向', '25', '0.0', '0', '1017', '微风', '4', '06:19', '17:38', '26', '13', '晴', '晴', 'images/qing.png', '10', '星期四', 'a7a5d3f9-bff1-4f11-b54c-e3c05ddd3b9e');
INSERT INTO `we_sys_dayweatherinfo` VALUES ('f8b2083f-6eff-4ebf-9dcb-2128e65e8a6c', '101', '100', '2015-10-12', '331', '无持续风向', '18', '0.0', '0', '1022', '微风', '4', '06:16', '17:42', '24', '7', '多云', '晴', 'images/duoyun.png', '10', '星期一', '8977b5b4-7db1-4131-a180-29f07fba47ab');
INSERT INTO `we_sys_dayweatherinfo` VALUES ('f8e974c8-206d-4a2c-bd24-bb8934c26e49', '100', '100', '2015-10-16', '148', '无持续风向', '22', '0.0', '0', '1018', '微风', '4', '06:19', '17:37', '27', '12', '晴', '晴', 'images/qing.png', '10', '星期五', '37b7ea55-bc41-4c39-973e-0f0b137239f6');
INSERT INTO `we_sys_dayweatherinfo` VALUES ('fa2b9da4-afcb-4b54-90e7-2c910a658934', '100', '100', '2015-10-16', '192', '无持续风向', '24', '0.0', '0', '1017', '微风', '11', '06:19', '17:37', '27', '14', '晴', '晴', 'images/qing.png', '10', '星期五', '43201297-f8ee-4025-add1-d9eab2862d49');
INSERT INTO `we_sys_dayweatherinfo` VALUES ('fad6f006-597d-4f0c-82f2-906b2f144784', '100', '100', '2015-10-20', '95', '无持续风向', '35', '0.0', '0', '1016', '微风', '7', '06:23', '17:32', '25', '15', '晴', '晴', 'images/qing.png', '10', '星期二', 'f377f019-0348-4d84-a93a-0ed0b2706a2d');
INSERT INTO `we_sys_dayweatherinfo` VALUES ('fade250f-9f20-4a3a-8430-c4c8414adfad', '101', '300', '2015-09-22', '164', '南风', '44', '1.5', '70', '1011', '微风', '4', '06:00', '18:11', '28', '18', '多云', '阵雨', 'images/duoyun.png', '10', '星期二', 'dc0dbb0c-0f76-4544-bd61-1a65c3ee80e5');
INSERT INTO `we_sys_dayweatherinfo` VALUES ('fbd6873b-417a-4cc2-9dd1-6c56e3f389d9', '100', '100', '2015-10-17', '182', '无持续风向', '29', '0.0', '0', '1017', '微风', '4', '06:20', '17:36', '27', '12', '晴', '晴', 'images/qing.png', '10', '星期六', '37b7ea55-bc41-4c39-973e-0f0b137239f6');
INSERT INTO `we_sys_dayweatherinfo` VALUES ('fd3b29ec-ad9b-4fe0-89ab-dee2eb8df4a0', '101', '100', '2015-10-13', '220', '无持续风向', '16', '0.0', '0', '1021', '微风', '7', '06:17', '17:41', '25', '11', '多云', '晴', 'images/duoyun.png', '10', '星期二', '4d4e5d4a-097c-4b93-bf9c-7792cc9f75a2');
INSERT INTO `we_sys_dayweatherinfo` VALUES ('ff93d828-1634-400c-85e5-dedc4f5d0a7f', '100', '100', '2015-09-27', '131', '无持续风向', '18', '0.0', '1', '1014', '微风', '4', '06:04', '18:03', '28', '18', '晴', '晴', 'images/qing.png', '10', '星期日', 'c3278f94-6e0f-4ead-a27e-374c09465276');
INSERT INTO `we_sys_dayweatherinfo` VALUES ('fffb6106-d6ad-4302-b2f2-378cd7009cd7', '100', '100', '2015-10-12', '4', '南风', '19', '0.0', '0', '1022', '微风', '4', '06:16', '17:42', '25', '6', '晴', '晴', 'images/qing.png', '10', '星期一', '0378b4ff-3867-40ba-8364-5f65c0543063');

-- ----------------------------
-- Table structure for `we_sys_weather`
-- ----------------------------
DROP TABLE IF EXISTS `we_sys_weather`;
CREATE TABLE `we_sys_weather` (
  `ID` varchar(36) NOT NULL,
  `CITY` varchar(255) DEFAULT NULL,
  `CITYID` varchar(255) DEFAULT NULL,
  `CNTY` varchar(255) DEFAULT NULL,
  `STATUS` varchar(255) DEFAULT NULL,
  `UPDATELOC` varchar(255) DEFAULT NULL,
  PRIMARY KEY (`ID`)
) ENGINE=InnoDB DEFAULT CHARSET=utf8;

-- ----------------------------
-- Records of we_sys_weather
-- ----------------------------
INSERT INTO `we_sys_weather` VALUES ('0378b4ff-3867-40ba-8364-5f65c0543063', '兖州', 'CN101120705', '中国', 'ok', '2015-10-12 19:49');
INSERT INTO `we_sys_weather` VALUES ('040a0a72-be00-4f7a-909d-43b07e68eccb', '兖州', 'CN101120705', '中国', 'ok', '2015-10-11 11:49');
INSERT INTO `we_sys_weather` VALUES ('05a3b4ac-1fd3-47e3-a9fa-9e4f66cbaf15', '兖州', 'CN101120705', '中国', 'ok', '2015-09-21 10:49');
INSERT INTO `we_sys_weather` VALUES ('0d1be87e-2d44-44b6-ba0d-e920994f72b2', '兖州', 'CN101120705', '中国', 'ok', '2015-10-12 17:49');
INSERT INTO `we_sys_weather` VALUES ('0eb20599-8c3a-477b-bd2c-1cf53883f82a', '兖州', 'CN101120705', '中国', 'ok', '2015-10-13 21:50');
INSERT INTO `we_sys_weather` VALUES ('1ebbf1f6-ff2f-454a-ab1d-c8735cf1cfdf', '兖州', 'CN101120705', '中国', 'ok', '2015-10-11 23:50');
INSERT INTO `we_sys_weather` VALUES ('20a31c2b-fc46-4ac0-bee1-2207e3b226f9', '兖州', 'CN101120705', '中国', 'ok', '2015-10-15 17:57');
INSERT INTO `we_sys_weather` VALUES ('26c065b2-ed18-429c-877e-7ab41586af9d', '兖州', 'CN101120705', '中国', 'ok', '2015-10-13 09:49');
INSERT INTO `we_sys_weather` VALUES ('2792d049-e8e0-49a1-a988-4efc974f61be', '兖州', 'CN101120705', '中国', 'ok', '2015-10-14 21:53');
INSERT INTO `we_sys_weather` VALUES ('30382c9c-8088-447a-b604-4267fe87461d', '兖州', 'CN101120705', '中国', 'ok', '2015-09-21 10:49');
INSERT INTO `we_sys_weather` VALUES ('37b62595-c596-47d2-aa85-affcacde22b5', '兖州', 'CN101120705', '中国', 'ok', '2015-10-11 13:50');
INSERT INTO `we_sys_weather` VALUES ('37b7ea55-bc41-4c39-973e-0f0b137239f6', '兖州', 'CN101120705', '中国', 'ok', '2015-10-15 15:50');
INSERT INTO `we_sys_weather` VALUES ('3a73898d-f5b1-4228-9e4a-9205e09c6afb', '兖州', 'CN101120705', '中国', 'ok', '2015-10-15 05:49');
INSERT INTO `we_sys_weather` VALUES ('3dbc7e93-e5ca-4606-a44d-42f43d499e2a', '兖州', 'CN101120705', '中国', 'ok', '2015-09-21 10:49');
INSERT INTO `we_sys_weather` VALUES ('43201297-f8ee-4025-add1-d9eab2862d49', '兖州', 'CN101120705', '中国', 'ok', '2015-10-11 15:52');
INSERT INTO `we_sys_weather` VALUES ('4a3b6c50-4402-43b6-b0e8-ab10128c275e', '兖州', 'CN101120705', '中国', 'ok', '2015-10-15 21:54');
INSERT INTO `we_sys_weather` VALUES ('4ccc3e88-7bd3-487b-9988-7a74fa271fb0', '兖州', 'CN101120705', '中国', 'ok', '2015-10-14 15:49');
INSERT INTO `we_sys_weather` VALUES ('4d4e5d4a-097c-4b93-bf9c-7792cc9f75a2', '兖州', 'CN101120705', '中国', 'ok', '2015-10-10 21:49');
INSERT INTO `we_sys_weather` VALUES ('6300d30d-7c05-4709-b0c9-b870d90e00c7', '兖州', 'CN101120705', '中国', 'ok', '2015-10-11 20:49');
INSERT INTO `we_sys_weather` VALUES ('69f9f736-24bf-499a-bafb-418e3a87a0ec', '兖州', 'CN101120705', '中国', 'ok', '2015-10-11 17:49');
INSERT INTO `we_sys_weather` VALUES ('6b291c64-06d5-4965-b535-488f8d011865', '兖州', 'CN101120705', '中国', 'ok', '2015-10-14 19:53');
INSERT INTO `we_sys_weather` VALUES ('6e2c44a5-9575-4379-bcea-1674f3175048', '兖州', 'CN101120705', '中国', 'ok', '2015-10-13 15:50');
INSERT INTO `we_sys_weather` VALUES ('71147a0f-6fba-4e15-a6e7-f29099056b55', '兖州', 'CN101120705', '中国', 'ok', '2015-10-12 15:49');
INSERT INTO `we_sys_weather` VALUES ('7a856cb3-5b40-4a67-a5d0-a1230768bcfd', '兖州', 'CN101120705', '中国', 'ok', '2015-10-15 09:49');
INSERT INTO `we_sys_weather` VALUES ('8801860c-99dc-43b9-bee2-66686e2f9ff2', '兖州', 'CN101120705', '中国', 'ok', '2015-10-13 23:51');
INSERT INTO `we_sys_weather` VALUES ('8977b5b4-7db1-4131-a180-29f07fba47ab', '兖州', 'CN101120705', '中国', 'ok', '2015-10-12 13:49');
INSERT INTO `we_sys_weather` VALUES ('8d23507d-9c63-4bac-bbfc-59914cc07a81', '兖州', 'CN101120705', '中国', 'ok', '2015-09-21 10:49');
INSERT INTO `we_sys_weather` VALUES ('8dd107b6-6144-4450-b42f-2dbd104b433b', '兖州', 'CN101120705', '中国', 'ok', '2015-10-15 13:49');
INSERT INTO `we_sys_weather` VALUES ('9004e631-74f7-4ba0-aa4c-3ab0d43eb8db', '兖州', 'CN101120705', '中国', 'ok', '2015-10-13 11:49');
INSERT INTO `we_sys_weather` VALUES ('978b086a-5382-4552-b95b-c759bc7619dc', '兖州', 'CN101120705', '中国', 'ok', '2015-10-15 03:49');
INSERT INTO `we_sys_weather` VALUES ('97d962ec-aeec-45d4-b9ca-191d3b12d0f1', '兖州', 'CN101120705', '中国', 'ok', '2015-10-12 21:52');
INSERT INTO `we_sys_weather` VALUES ('a7a5d3f9-bff1-4f11-b54c-e3c05ddd3b9e', '兖州', 'CN101120705', '中国', 'ok', '2015-10-12 23:50');
INSERT INTO `we_sys_weather` VALUES ('b411b524-5a8d-4e25-ad6c-25aa9aa9bb04', '兖州', 'CN101120705', '中国', 'ok', '2015-10-12 09:49');
INSERT INTO `we_sys_weather` VALUES ('b5992b35-8896-4d2e-96b0-deee3f288109', '兖州', 'CN101120705', '中国', 'ok', '2015-10-14 13:49');
INSERT INTO `we_sys_weather` VALUES ('ba8c15ba-41f4-40e9-abfb-a81a2dcb0324', '兖州', 'CN101120705', '中国', 'ok', '2015-10-12 11:49');
INSERT INTO `we_sys_weather` VALUES ('bdcdbd4b-097a-4112-8a70-33bf9be5b1c0', '兖州', 'CN101120705', '中国', 'ok', '2015-10-11 19:49');
INSERT INTO `we_sys_weather` VALUES ('beeca77c-46dd-42d8-915a-a5a33863bb61', '兖州', 'CN101120705', '中国', 'ok', '2015-09-21 10:49');
INSERT INTO `we_sys_weather` VALUES ('c0f4f0ee-dec1-4b38-81c6-09964fb630c5', '兖州', 'CN101120705', '中国', 'ok', '2015-10-14 11:49');
INSERT INTO `we_sys_weather` VALUES ('c3278f94-6e0f-4ead-a27e-374c09465276', '兖州', 'CN101120705', '中国', 'ok', '2015-09-21 10:49');
INSERT INTO `we_sys_weather` VALUES ('c50b611e-6dc2-47df-9f06-d7c1a64d2931', '兖州', 'CN101120705', '中国', 'ok', '2015-10-14 17:50');
INSERT INTO `we_sys_weather` VALUES ('cc663d03-3cfd-439b-9203-bf0b99b43a85', '兖州', 'CN101120705', '中国', 'ok', '2015-10-13 19:51');
INSERT INTO `we_sys_weather` VALUES ('ccfc76c5-6669-4372-8007-0705a8a014f3', '兖州', 'CN101120705', '中国', 'ok', '2015-10-14 23:52');
INSERT INTO `we_sys_weather` VALUES ('d5eab9bd-91e4-40a9-a370-4beeaffeb3ae', '兖州', 'CN101120705', '中国', 'ok', '2015-10-15 10:49');
INSERT INTO `we_sys_weather` VALUES ('d6bdba54-752b-4f62-beb1-f02622b11619', '兖州', 'CN101120705', '中国', 'ok', '2015-10-14 09:50');
INSERT INTO `we_sys_weather` VALUES ('d6be07ca-b1e5-4509-b1d5-623717739ac9', '兖州', 'CN101120705', '中国', 'ok', '2015-10-15 07:49');
INSERT INTO `we_sys_weather` VALUES ('dc0dbb0c-0f76-4544-bd61-1a65c3ee80e5', '兖州', 'CN101120705', '中国', 'ok', '2015-09-21 10:49');
INSERT INTO `we_sys_weather` VALUES ('dfd10274-dc82-4f34-bbd7-8fd758890ae5', '兖州', 'CN101120705', '中国', 'ok', '2015-10-13 17:50');
INSERT INTO `we_sys_weather` VALUES ('e1c44614-22bb-40d8-9db2-ce03556fc806', '兖州', 'CN101120705', '中国', 'ok', '2015-09-21 10:49');
INSERT INTO `we_sys_weather` VALUES ('e2caa130-4580-436c-b647-aa5a2667fbde', '兖州', 'CN101120705', '中国', 'ok', '2015-10-10 23:49');
INSERT INTO `we_sys_weather` VALUES ('e3f1ac1d-f5b5-4e71-bbaf-5b935378b6cb', '兖州', 'CN101120705', '中国', 'ok', '2015-10-13 13:49');
INSERT INTO `we_sys_weather` VALUES ('e4551817-b109-4ad0-9525-ad004d91d100', '兖州', 'CN101120705', '中国', 'ok', '2015-10-10 15:49');
INSERT INTO `we_sys_weather` VALUES ('f377f019-0348-4d84-a93a-0ed0b2706a2d', '兖州', 'CN101120705', '中国', 'ok', '2015-10-15 19:51');
